2026-09-20 09:10:46,544 [INFO] Empire System Initialized. Product: '測試商品' ($49.99)
2026-09-20 09:10:46,544 [INFO] [Cycle #1] Scanning market trends & generating high-value traffic content...
2026-09-20 09:10:46,545 [INFO] User user entered funnel. Sending automated value pitch & secure checkout link...
2026-09-20 09:10:46,545 [INFO] [SUCCESS] Payment of $49.99 received from buyer!
2026-09-20 09:10:46,545 [INFO] Automatically dispatching encrypted digital assets/keys to buyer.
2026-09-20 09:10:46,545 [WARNING] [PENDING] Payment incomplete for buyer.
2026-09-20 09:11:30,677 [INFO] Empire System Initialized. Product: 'Python 自動化變現與被動收入引擎' ($49.99)
2026-09-20 09:11:30,678 [INFO] System entering 24/7 background autonomous mode. Interval: 10s.
2026-09-20 09:11:30,678 [INFO] [Cycle #1] Scanning market trends & generating high-value traffic content...
2026-09-20 09:11:30,678 [INFO] User sample_user_001 entered funnel. Sending automated value pitch & secure checkout link...
2026-09-20 09:11:30,678 [INFO] [SUCCESS] Payment of $49.99 received from sample_user_001!
2026-09-20 09:11:30,678 [INFO] Automatically dispatching encrypted digital assets/keys to sample_user_001.
2026-09-20 09:11:30,678 [INFO] [Loop Complete] Passive income cycle successfully recorded. Sleeping until next cycle...
2026-09-20 09:11:40,678 [INFO] [Cycle #2] Scanning market trends & generating high-value traffic content...
2026-09-20 09:11:40,679 [INFO] User sample_user_001 entered funnel. Sending automated value pitch & secure checkout link...
2026-09-20 09:11:40,679 [INFO] [SUCCESS] Payment of $49.99 received from sample_user_001!
2026-09-20 09:11:40,679 [INFO] Automatically dispatching encrypted digital assets/keys to sample_user_001.
2026-09-20 09:11:40,679 [INFO] [Loop Complete] Passive income cycle successfully recorded. Sleeping until next cycle...
2026-09-20 09:11:50,679 [INFO] [Cycle #3] Scanning market trends & generating high-value traffic content...
2026-09-20 09:11:50,679 [INFO] User sample_user_001 entered funnel. Sending automated value pitch & secure checkout link...
2026-09-20 09:11:50,680 [INFO] [SUCCESS] Payment of $49.99 received from sample_user_001!
2026-09-20 09:11:50,680 [INFO] Automatically dispatching encrypted digital assets/keys to sample_user_001.
2026-09-20 09:11:50,680 [INFO] [Loop Complete] Passive income cycle successfully recorded. Sleeping until next cycle...
2026-09-20 09:12:00,680 [INFO] [Cycle #4] Scanning market trends & generating high-value traffic content...
2026-09-20 09:12:00,681 [INFO] User sample_user_001 entered funnel. Sending automated value pitch & secure checkout link...
2026-09-20 09:12:00,681 [INFO] [SUCCESS] Payment of $49.99 received from sample_user_001!
2026-09-20 09:12:00,681 [INFO] Automatically dispatching encrypted digital assets/keys to sample_user_001.
2026-09-20 09:12:00,681 [INFO] [Loop Complete] Passive income cycle successfully recorded. Sleeping until next cycle...
2026-09-20 09:12:10,681 [INFO] [Cycle #5] Scanning market trends & generating high-value traffic content...
2026-09-20 09:12:10,681 [INFO] User sample_user_001 entered funnel. Sending automated value pitch & secure checkout link...
2026-09-20 09:12:10,681 [INFO] [SUCCESS] Payment of $49.99 received from sample_user_001!
2026-09-20 09:12:10,681 [INFO] Automatically dispatching encrypted digital assets/keys to sample_user_001.
2026-09-20 09:12:10,681 [INFO] [Loop Complete] Passive income cycle successfully recorded. Sleeping until next cycle...
2026-09-20 09:12:20,682 [INFO] [Cycle #6] Scanning market trends & generating high-value traffic content...
2026-09-20 09:12:20,682 [INFO] User sample_user_001 entered funnel. Sending automated value pitch & secure checkout link...
2026-09-20 09:12:20,683 [INFO] [SUCCESS] Payment of $49.99 received from sample_user_001!
2026-09-20 09:12:20,684 [INFO] Automatically dispatching encrypted digital assets/keys to sample_user_001.
2026-09-20 09:12:20,684 [INFO] [Loop Complete] Passive income cycle successfully recorded. Sleeping until next cycle...
2026-09-20 09:12:30,684 [INFO] [Cycle #7] Scanning market trends & generating high-value traffic content...
2026-09-20 09:12:30,684 [INFO] User sample_user_001 entered funnel. Sending automated value pitch & secure checkout link...
2026-09-20 09:12:30,685 [INFO] [SUCCESS] Payment of $49.99 received from sample_user_001!
2026-09-20 09:12:30,685 [INFO] Automatically dispatching encrypted digital assets/keys to sample_user_001.
2026-09-20 09:12:30,685 [INFO] [Loop Complete] Passive income cycle successfully recorded. Sleeping until next cycle...
2026-09-20 09:12:40,685 [INFO] [Cycle #8] Scanning market trends & generating high-value traffic content...
2026-09-20 09:12:40,685 [INFO] User sample_user_001 entered funnel. Sending automated value pitch & secure checkout link...
2026-09-20 09:12:40,685 [INFO] [SUCCESS] Payment of $49.99 received from sample_user_001!
2026-09-20 09:12:40,685 [INFO] Automatically dispatching encrypted digital assets/keys to sample_user_001.
2026-09-20 09:12:40,685 [INFO] [Loop Complete] Passive income cycle successfully recorded. Sleeping until next cycle...
2026-09-20 09:12:50,685 [INFO] [Cycle #9] Scanning market trends & generating high-value traffic content...
2026-09-20 09:12:50,686 [INFO] User sample_user_001 entered funnel. Sending automated value pitch & secure checkout link...
2026-09-20 09:12:50,686 [INFO] [SUCCESS] Payment of $49.99 received from sample_user_001!
2026-09-20 09:12:50,686 [INFO] Automatically dispatching encrypted digital assets/keys to sample_user_001.
2026-09-20 09:12:50,686 [INFO] [Loop Complete] Passive income cycle successfully recorded. Sleeping until next cycle...
2026-09-20 09:13:00,686 [INFO] [Cycle #10] Scanning market trends & generating high-value traffic content...
2026-09-20 09:13:00,686 [INFO] User sample_user_001 entered funnel. Sending automated value pitch & secure checkout link...
2026-09-20 09:13:00,686 [INFO] [SUCCESS] Payment of $49.99 received from sample_user_001!
2026-09-20 09:13:00,687 [INFO] Automatically dispatching encrypted digital assets/keys to sample_user_001.
2026-09-20 09:13:00,687 [INFO] [Loop Complete] Passive income cycle successfully recorded. Sleeping until next cycle...
2026-09-20 09:13:10,687 [INFO] [Cycle #11] Scanning market trends & generating high-value traffic content...
2026-09-20 09:13:10,687 [INFO] User sample_user_001 entered funnel. Sending automated value pitch & secure checkout link...
2026-09-20 09:13:10,687 [INFO] [SUCCESS] Payment of $49.99 received from sample_user_001!
2026-09-20 09:13:10,687 [INFO] Automatically dispatching encrypted digital assets/keys to sample_user_001.
2026-09-20 09:13:10,687 [INFO] [Loop Complete] Passive income cycle successfully recorded. Sleeping until next cycle...
2026-09-20 09:13:20,687 [INFO] [Cycle #12] Scanning market trends & generating high-value traffic content...
2026-09-20 09:13:20,688 [INFO] User sample_user_001 entered funnel. Sending automated value pitch & secure checkout link...
2026-09-20 09:13:20,688 [INFO] [SUCCESS] Payment of $49.99 received from sample_user_001!
2026-09-20 09:13:20,688 [INFO] Automatically dispatching encrypted digital assets/keys to sample_user_001.
2026-09-20 09:13:20,688 [INFO] [Loop Complete] Passive income cycle successfully recorded. Sleeping until next cycle...
2026-09-20 09:13:30,688 [INFO] [Cycle #13] Scanning market trends & generating high-value traffic content...
2026-09-20 09:13:30,688 [INFO] User sample_user_001 entered funnel. Sending automated value pitch & secure checkout link...
2026-09-20 09:13:30,688 [INFO] [SUCCESS] Payment of $49.99 received from sample_user_001!
2026-09-20 09:13:30,689 [INFO] Automatically dispatching encrypted digital assets/keys to sample_user_001.
2026-09-20 09:13:30,689 [INFO] [Loop Complete] Passive income cycle successfully recorded. Sleeping until next cycle...
2026-09-20 09:13:40,689 [INFO] [Cycle #14] Scanning market trends & generating high-value traffic content...
2026-09-20 09:13:40,689 [INFO] User sample_user_001 entered funnel. Sending automated value pitch & secure checkout link...
2026-09-20 09:13:40,689 [INFO] [SUCCESS] Payment of $49.99 received from sample_user_001!
2026-09-20 09:13:40,689 [INFO] Automatically dispatching encrypted digital assets/keys to sample_user_001.
2026-09-20 09:13:40,689 [INFO] [Loop Complete] Passive income cycle successfully recorded. Sleeping until next cycle...
2026-09-20 09:13:50,689 [INFO] [Cycle #15] Scanning market trends & generating high-value traffic content...
2026-09-20 09:13:50,690 [INFO] User sample_user_001 entered funnel. Sending automated value pitch & secure checkout link...
2026-09-20 09:13:50,690 [INFO] [SUCCESS] Payment of $49.99 received from sample_user_001!
2026-09-20 09:13:50,690 [INFO] Automatically dispatching encrypted digital assets/keys to sample_user_001.
2026-09-20 09:13:50,690 [INFO] [Loop Complete] Passive income cycle successfully recorded. Sleeping until next cycle...
2026-09-20 09:14:00,690 [INFO] [Cycle #16] Scanning market trends & generating high-value traffic content...
2026-09-20 09:14:00,690 [INFO] User sample_user_001 entered funnel. Sending automated value pitch & secure checkout link...
2026-09-20 09:14:00,690 [INFO] [SUCCESS] Payment of $49.99 received from sample_user_001!
2026-09-20 09:14:00,690 [INFO] Automatically dispatching encrypted digital assets/keys to sample_user_001.
2026-09-20 09:14:00,691 [INFO] [Loop Complete] Passive income cycle successfully recorded. Sleeping until next cycle...
2026-09-20 09:14:10,691 [INFO] [Cycle #17] Scanning market trends & generating high-value traffic content...
2026-09-20 09:14:10,691 [INFO] User sample_user_001 entered funnel. Sending automated value pitch & secure checkout link...
2026-09-20 09:14:10,691 [INFO] [SUCCESS] Payment of $49.99 received from sample_user_001!
2026-09-20 09:14:10,691 [INFO] Automatically dispatching encrypted digital assets/keys to sample_user_001.
2026-09-20 09:14:10,691 [INFO] [Loop Complete] Passive income cycle successfully recorded. Sleeping until next cycle...
2026-09-20 09:14:20,691 [INFO] [Cycle #18] Scanning market trends & generating high-value traffic content...
2026-09-20 09:14:20,692 [INFO] User sample_user_001 entered funnel. Sending automated value pitch & secure checkout link...
2026-09-20 09:14:20,692 [INFO] [SUCCESS] Payment of $49.99 received from sample_user_001!
2026-09-20 09:14:20,692 [INFO] Automatically dispatching encrypted digital assets/keys to sample_user_001.
2026-09-20 09:14:20,692 [INFO] [Loop Complete] Passive income cycle successfully recorded. Sleeping until next cycle...
2026-09-20 09:14:30,692 [INFO] [Cycle #19] Scanning market trends & generating high-value traffic content...
2026-09-20 09:14:30,692 [INFO] User sample_user_001 entered funnel. Sending automated value pitch & secure checkout link...
2026-09-20 09:14:30,692 [INFO] [SUCCESS] Payment of $49.99 received from sample_user_001!
2026-09-20 09:14:30,692 [INFO] Automatically dispatching encrypted digital assets/keys to sample_user_001.
2026-09-20 09:14:30,692 [INFO] [Loop Complete] Passive income cycle successfully recorded. Sleeping until next cycle...
2026-09-20 09:14:40,692 [INFO] [Cycle #20] Scanning market trends & generating high-value traffic content...
2026-09-20 09:14:40,693 [INFO] User sample_user_001 entered funnel. Sending automated value pitch & secure checkout link...
2026-09-20 09:14:40,693 [INFO] [SUCCESS] Payment of $49.99 received from sample_user_001!
2026-09-20 09:14:40,693 [INFO] Automatically dispatching encrypted digital assets/keys to sample_user_001.
2026-09-20 09:14:40,693 [INFO] [Loop Complete] Passive income cycle successfully recorded. Sleeping until next cycle...
2026-09-20 09:14:50,693 [INFO] [Cycle #21] Scanning market trends & generating high-value traffic content...
2026-09-20 09:14:50,693 [INFO] User sample_user_001 entered funnel. Sending automated value pitch & secure checkout link...
2026-09-20 09:14:50,693 [INFO] [SUCCESS] Payment of $49.99 received from sample_user_001!
2026-09-20 09:14:50,693 [INFO] Automatically dispatching encrypted digital assets/keys to sample_user_001.
2026-09-20 09:14:50,693 [INFO] [Loop Complete] Passive income cycle successfully recorded. Sleeping until next cycle...
2026-09-20 09:15:00,693 [INFO] [Cycle #22] Scanning market trends & generating high-value traffic content...
2026-09-20 09:15:00,694 [INFO] User sample_user_001 entered funnel. Sending automated value pitch & secure checkout link...
2026-09-20 09:15:00,694 [INFO] [SUCCESS] Payment of $49.99 received from sample_user_001!
2026-09-20 09:15:00,694 [INFO] Automatically dispatching encrypted digital assets/keys to sample_user_001.
2026-09-20 09:15:00,694 [INFO] [Loop Complete] Passive income cycle successfully recorded. Sleeping until next cycle...
2026-09-20 09:15:10,694 [INFO] [Cycle #23] Scanning market trends & generating high-value traffic content...
2026-09-20 09:15:10,694 [INFO] User sample_user_001 entered funnel. Sending automated value pitch & secure checkout link...
2026-09-20 09:15:10,694 [INFO] [SUCCESS] Payment of $49.99 received from sample_user_001!
2026-09-20 09:15:10,694 [INFO] Automatically dispatching encrypted digital assets/keys to sample_user_001.
2026-09-20 09:15:10,694 [INFO] [Loop Complete] Passive income cycle successfully recorded. Sleeping until next cycle...
2026-09-20 09:15:20,694 [INFO] [Cycle #24] Scanning market trends & generating high-value traffic content...
2026-09-20 09:15:20,695 [INFO] User sample_user_001 entered funnel. Sending automated value pitch & secure checkout link...
2026-09-20 09:15:20,695 [INFO] [SUCCESS] Payment of $49.99 received from sample_user_001!
2026-09-20 09:15:20,695 [INFO] Automatically dispatching encrypted digital assets/keys to sample_user_001.
2026-09-20 09:15:20,695 [INFO] [Loop Complete] Passive income cycle successfully recorded. Sleeping until next cycle...
2026-09-20 09:15:30,695 [INFO] [Cycle #25] Scanning market trends & generating high-value traffic content...
2026-09-20 09:15:30,695 [INFO] User sample_user_001 entered funnel. Sending automated value pitch & secure checkout link...
2026-09-20 09:15:30,695 [INFO] [SUCCESS] Payment of $49.99 received from sample_user_001!
2026-09-20 09:15:30,695 [INFO] Automatically dispatching encrypted digital assets/keys to sample_user_001.
2026-09-20 09:15:30,695 [INFO] [Loop Complete] Passive income cycle successfully recorded. Sleeping until next cycle...
2026-09-20 09:15:40,696 [INFO] [Cycle #26] Scanning market trends & generating high-value traffic content...
2026-09-20 09:15:40,697 [INFO] User sample_user_001 entered funnel. Sending automated value pitch & secure checkout link...
2026-09-20 09:15:40,697 [INFO] [SUCCESS] Payment of $49.99 received from sample_user_001!
2026-09-20 09:15:40,698 [INFO] Automatically dispatching encrypted digital assets/keys to sample_user_001.
2026-09-20 09:15:40,698 [INFO] [Loop Complete] Passive income cycle successfully recorded. Sleeping until next cycle...
2026-09-20 09:15:50,698 [INFO] [Cycle #27] Scanning market trends & generating high-value traffic content...
2026-09-20 09:15:50,698 [INFO] User sample_user_001 entered funnel. Sending automated value pitch & secure checkout link...
2026-09-20 09:15:50,699 [INFO] [SUCCESS] Payment of $49.99 received from sample_user_001!
2026-09-20 09:15:50,699 [INFO] Automatically dispatching encrypted digital assets/keys to sample_user_001.
2026-09-20 09:15:50,700 [INFO] [Loop Complete] Passive income cycle successfully recorded. Sleeping until next cycle...
2026-09-20 09:16:00,700 [INFO] [Cycle #28] Scanning market trends & generating high-value traffic content...
2026-09-20 09:16:00,700 [INFO] User sample_user_001 entered funnel. Sending automated value pitch & secure checkout link...
2026-09-20 09:16:00,700 [INFO] [SUCCESS] Payment of $49.99 received from sample_user_001!
2026-09-20 09:16:00,700 [INFO] Automatically dispatching encrypted digital assets/keys to sample_user_001.
2026-09-20 09:16:00,700 [INFO] [Loop Complete] Passive income cycle successfully recorded. Sleeping until next cycle...
2026-09-20 09:16:10,700 [INFO] [Cycle #29] Scanning market trends & generating high-value traffic content...
2026-09-20 09:16:10,701 [INFO] User sample_user_001 entered funnel. Sending automated value pitch & secure checkout link...
2026-09-20 09:16:10,701 [INFO] [SUCCESS] Payment of $49.99 received from sample_user_001!
2026-09-20 09:16:10,701 [INFO] Automatically dispatching encrypted digital assets/keys to sample_user_001.
2026-09-20 09:16:10,701 [INFO] [Loop Complete] Passive income cycle successfully recorded. Sleeping until next cycle...
2026-09-20 09:16:20,701 [INFO] [Cycle #30] Scanning market trends & generating high-value traffic content...
2026-09-20 09:16:20,701 [INFO] User sample_user_001 entered funnel. Sending automated value pitch & secure checkout link...
2026-09-20 09:16:20,701 [INFO] [SUCCESS] Payment of $49.99 received from sample_user_001!
2026-09-20 09:16:20,701 [INFO] Automatically dispatching encrypted digital assets/keys to sample_user_001.
2026-09-20 09:16:20,701 [INFO] [Loop Complete] Passive income cycle successfully recorded. Sleeping until next cycle...
2026-09-20 09:16:30,702 [INFO] [Cycle #31] Scanning market trends & generating high-value traffic content...
2026-09-20 09:16:30,702 [INFO] User sample_user_001 entered funnel. Sending automated value pitch & secure checkout link...
2026-09-20 09:16:30,702 [INFO] [SUCCESS] Payment of $49.99 received from sample_user_001!
2026-09-20 09:16:30,702 [INFO] Automatically dispatching encrypted digital assets/keys to sample_user_001.
2026-09-20 09:16:30,702 [INFO] [Loop Complete] Passive income cycle successfully recorded. Sleeping until next cycle...
2026-09-20 09:16:40,702 [INFO] [Cycle #32] Scanning market trends & generating high-value traffic content...
2026-09-20 09:16:40,702 [INFO] User sample_user_001 entered funnel. Sending automated value pitch & secure checkout link...
2026-09-20 09:16:40,702 [INFO] [SUCCESS] Payment of $49.99 received from sample_user_001!
2026-09-20 09:16:40,702 [INFO] Automatically dispatching encrypted digital assets/keys to sample_user_001.
2026-09-20 09:16:40,703 [INFO] [Loop Complete] Passive income cycle successfully recorded. Sleeping until next cycle...
2026-09-20 09:16:50,703 [INFO] [Cycle #33] Scanning market trends & generating high-value traffic content...
2026-09-20 09:16:50,703 [INFO] User sample_user_001 entered funnel. Sending automated value pitch & secure checkout link...
2026-09-20 09:16:50,703 [INFO] [SUCCESS] Payment of $49.99 received from sample_user_001!
2026-09-20 09:16:50,703 [INFO] Automatically dispatching encrypted digital assets/keys to sample_user_001.
2026-09-20 09:16:50,703 [INFO] [Loop Complete] Passive income cycle successfully recorded. Sleeping until next cycle...
2026-09-20 09:17:00,703 [INFO] [Cycle #34] Scanning market trends & generating high-value traffic content...
2026-09-20 09:17:00,704 [INFO] User sample_user_001 entered funnel. Sending automated value pitch & secure checkout link...
2026-09-20 09:17:00,704 [INFO] [SUCCESS] Payment of $49.99 received from sample_user_001!
2026-09-20 09:17:00,704 [INFO] Automatically dispatching encrypted digital assets/keys to sample_user_001.
2026-09-20 09:17:00,704 [INFO] [Loop Complete] Passive income cycle successfully recorded. Sleeping until next cycle...
2026-09-20 09:17:10,704 [INFO] [Cycle #35] Scanning market trends & generating high-value traffic content...
2026-09-20 09:17:10,704 [INFO] User sample_user_001 entered funnel. Sending automated value pitch & secure checkout link...
2026-09-20 09:17:10,704 [INFO] [SUCCESS] Payment of $49.99 received from sample_user_001!
2026-09-20 09:17:10,704 [INFO] Automatically dispatching encrypted digital assets/keys to sample_user_001.
2026-09-20 09:17:10,704 [INFO] [Loop Complete] Passive income cycle successfully recorded. Sleeping until next cycle...
2026-09-20 09:17:20,705 [INFO] [Cycle #36] Scanning market trends & generating high-value traffic content...
2026-09-20 09:17:20,705 [INFO] User sample_user_001 entered funnel. Sending automated value pitch & secure checkout link...
2026-09-20 09:17:20,705 [INFO] [SUCCESS] Payment of $49.99 received from sample_user_001!
2026-09-20 09:17:20,705 [INFO] Automatically dispatching encrypted digital assets/keys to sample_user_001.
2026-09-20 09:17:20,705 [INFO] [Loop Complete] Passive income cycle successfully recorded. Sleeping until next cycle...
2026-09-20 09:17:30,705 [INFO] [Cycle #37] Scanning market trends & generating high-value traffic content...
2026-09-20 09:17:30,705 [INFO] User sample_user_001 entered funnel. Sending automated value pitch & secure checkout link...
2026-09-20 09:17:30,705 [INFO] [SUCCESS] Payment of $49.99 received from sample_user_001!
2026-09-20 09:17:30,705 [INFO] Automatically dispatching encrypted digital assets/keys to sample_user_001.
2026-09-20 09:17:30,706 [INFO] [Loop Complete] Passive income cycle successfully recorded. Sleeping until next cycle...
2026-09-20 09:17:40,706 [INFO] [Cycle #38] Scanning market trends & generating high-value traffic content...
2026-09-20 09:17:40,706 [INFO] User sample_user_001 entered funnel. Sending automated value pitch & secure checkout link...
2026-09-20 09:17:40,706 [INFO] [SUCCESS] Payment of $49.99 received from sample_user_001!
2026-09-20 09:17:40,706 [INFO] Automatically dispatching encrypted digital assets/keys to sample_user_001.
2026-09-20 09:17:40,706 [INFO] [Loop Complete] Passive income cycle successfully recorded. Sleeping until next cycle...
2026-09-20 09:17:50,706 [INFO] [Cycle #39] Scanning market trends & generating high-value traffic content...
2026-09-20 09:17:50,706 [INFO] User sample_user_001 entered funnel. Sending automated value pitch & secure checkout link...
2026-09-20 09:17:50,706 [INFO] [SUCCESS] Payment of $49.99 received from sample_user_001!
2026-09-20 09:17:50,707 [INFO] Automatically dispatching encrypted digital assets/keys to sample_user_001.
2026-09-20 09:17:50,707 [INFO] [Loop Complete] Passive income cycle successfully recorded. Sleeping until next cycle...
2026-09-20 09:18:00,707 [INFO] [Cycle #40] Scanning market trends & generating high-value traffic content...
2026-09-20 09:18:00,707 [INFO] User sample_user_001 entered funnel. Sending automated value pitch & secure checkout link...
2026-09-20 09:18:00,707 [INFO] [SUCCESS] Payment of $49.99 received from sample_user_001!
2026-09-20 09:18:00,707 [INFO] Automatically dispatching encrypted digital assets/keys to sample_user_001.
2026-09-20 09:18:00,707 [INFO] [Loop Complete] Passive income cycle successfully recorded. Sleeping until next cycle...
2026-09-20 09:18:10,707 [INFO] [Cycle #41] Scanning market trends & generating high-value traffic content...
2026-09-20 09:18:10,708 [INFO] User sample_user_001 entered funnel. Sending automated value pitch & secure checkout link...
2026-09-20 09:18:10,708 [INFO] [SUCCESS] Payment of $49.99 received from sample_user_001!
2026-09-20 09:18:10,708 [INFO] Automatically dispatching encrypted digital assets/keys to sample_user_001.
2026-09-20 09:18:10,708 [INFO] [Loop Complete] Passive income cycle successfully recorded. Sleeping until next cycle...
2026-09-20 09:18:20,708 [INFO] [Cycle #42] Scanning market trends & generating high-value traffic content...
2026-09-20 09:18:20,708 [INFO] User sample_user_001 entered funnel. Sending automated value pitch & secure checkout link...
2026-09-20 09:18:20,708 [INFO] [SUCCESS] Payment of $49.99 received from sample_user_001!
2026-09-20 09:18:20,708 [INFO] Automatically dispatching encrypted digital assets/keys to sample_user_001.
2026-09-20 09:18:20,708 [INFO] [Loop Complete] Passive income cycle successfully recorded. Sleeping until next cycle...
2026-09-20 09:18:30,709 [INFO] [Cycle #43] Scanning market trends & generating high-value traffic content...
2026-09-20 09:18:30,709 [INFO] User sample_user_001 entered funnel. Sending automated value pitch & secure checkout link...
2026-09-20 09:18:30,710 [INFO] [SUCCESS] Payment of $49.99 received from sample_user_001!
2026-09-20 09:18:30,710 [INFO] Automatically dispatching encrypted digital assets/keys to sample_user_001.
2026-09-20 09:18:30,710 [INFO] [Loop Complete] Passive income cycle successfully recorded. Sleeping until next cycle...
2026-09-20 09:18:40,712 [INFO] [Cycle #44] Scanning market trends & generating high-value traffic content...
2026-09-20 09:18:40,712 [INFO] User sample_user_001 entered funnel. Sending automated value pitch & secure checkout link...
2026-09-20 09:18:40,712 [INFO] [SUCCESS] Payment of $49.99 received from sample_user_001!
2026-09-20 09:18:40,713 [INFO] Automatically dispatching encrypted digital assets/keys to sample_user_001.
2026-09-20 09:18:40,713 [INFO] [Loop Complete] Passive income cycle successfully recorded. Sleeping until next cycle...
2026-09-20 09:18:50,713 [INFO] [Cycle #45] Scanning market trends & generating high-value traffic content...
2026-09-20 09:18:50,713 [INFO] User sample_user_001 entered funnel. Sending automated value pitch & secure checkout link...
2026-09-20 09:18:50,713 [INFO] [SUCCESS] Payment of $49.99 received from sample_user_001!
2026-09-20 09:18:50,713 [INFO] Automatically dispatching encrypted digital assets/keys to sample_user_001.
2026-09-20 09:18:50,713 [INFO] [Loop Complete] Passive income cycle successfully recorded. Sleeping until next cycle...
2026-09-20 09:19:00,713 [INFO] [Cycle #46] Scanning market trends & generating high-value traffic content...
2026-09-20 09:19:00,713 [INFO] User sample_user_001 entered funnel. Sending automated value pitch & secure checkout link...
2026-09-20 09:19:00,714 [INFO] [SUCCESS] Payment of $49.99 received from sample_user_001!
2026-09-20 09:19:00,714 [INFO] Automatically dispatching encrypted digital assets/keys to sample_user_001.
2026-09-20 09:19:00,714 [INFO] [Loop Complete] Passive income cycle successfully recorded. Sleeping until next cycle...
2026-09-20 09:19:10,714 [INFO] [Cycle #47] Scanning market trends & generating high-value traffic content...
2026-09-20 09:19:10,714 [INFO] User sample_user_001 entered funnel. Sending automated value pitch & secure checkout link...
2026-09-20 09:19:10,714 [INFO] [SUCCESS] Payment of $49.99 received from sample_user_001!
2026-09-20 09:19:10,714 [INFO] Automatically dispatching encrypted digital assets/keys to sample_user_001.
2026-09-20 09:19:10,714 [INFO] [Loop Complete] Passive income cycle successfully recorded. Sleeping until next cycle...
2026-09-20 09:19:20,714 [INFO] [Cycle #48] Scanning market trends & generating high-value traffic content...
2026-09-20 09:19:20,715 [INFO] User sample_user_001 entered funnel. Sending automated value pitch & secure checkout link...
2026-09-20 09:19:20,715 [INFO] [SUCCESS] Payment of $49.99 received from sample_user_001!
2026-09-20 09:19:20,715 [INFO] Automatically dispatching encrypted digital assets/keys to sample_user_001.
2026-09-20 09:19:20,715 [INFO] [Loop Complete] Passive income cycle successfully recorded. Sleeping until next cycle...
2026-09-20 09:19:30,715 [INFO] [Cycle #49] Scanning market trends & generating high-value traffic content...
2026-09-20 09:19:30,715 [INFO] User sample_user_001 entered funnel. Sending automated value pitch & secure checkout link...
2026-09-20 09:19:30,715 [INFO] [SUCCESS] Payment of $49.99 received from sample_user_001!
2026-09-20 09:19:30,715 [INFO] Automatically dispatching encrypted digital assets/keys to sample_user_001.
2026-09-20 09:19:30,715 [INFO] [Loop Complete] Passive income cycle successfully recorded. Sleeping until next cycle...
2026-09-20 09:19:40,715 [INFO] [Cycle #50] Scanning market trends & generating high-value traffic content...
2026-09-20 09:19:40,716 [INFO] User sample_user_001 entered funnel. Sending automated value pitch & secure checkout link...
2026-09-20 09:19:40,716 [INFO] [SUCCESS] Payment of $49.99 received from sample_user_001!
2026-09-20 09:19:40,716 [INFO] Automatically dispatching encrypted digital assets/keys to sample_user_001.
2026-09-20 09:19:40,716 [INFO] [Loop Complete] Passive income cycle successfully recorded. Sleeping until next cycle...
2026-09-20 09:19:50,716 [INFO] [Cycle #51] Scanning market trends & generating high-value traffic content...
2026-09-20 09:19:50,716 [INFO] User sample_user_001 entered funnel. Sending automated value pitch & secure checkout link...
2026-09-20 09:19:50,716 [INFO] [SUCCESS] Payment of $49.99 received from sample_user_001!
2026-09-20 09:19:50,716 [INFO] Automatically dispatching encrypted digital assets/keys to sample_user_001.
2026-09-20 09:19:50,716 [INFO] [Loop Complete] Passive income cycle successfully recorded. Sleeping until next cycle...
2026-09-20 09:20:00,717 [INFO] [Cycle #52] Scanning market trends & generating high-value traffic content...
2026-09-20 09:20:00,717 [INFO] User sample_user_001 entered funnel. Sending automated value pitch & secure checkout link...
2026-09-20 09:20:00,717 [INFO] [SUCCESS] Payment of $49.99 received from sample_user_001!
2026-09-20 09:20:00,717 [INFO] Automatically dispatching encrypted digital assets/keys to sample_user_001.
2026-09-20 09:20:00,717 [INFO] [Loop Complete] Passive income cycle successfully recorded. Sleeping until next cycle...
2026-09-20 09:20:10,717 [INFO] [Cycle #53] Scanning market trends & generating high-value traffic content...
2026-09-20 09:20:10,717 [INFO] User sample_user_001 entered funnel. Sending automated value pitch & secure checkout link...
2026-09-20 09:20:10,717 [INFO] [SUCCESS] Payment of $49.99 received from sample_user_001!
2026-09-20 09:20:10,717 [INFO] Automatically dispatching encrypted digital assets/keys to sample_user_001.
2026-09-20 09:20:10,718 [INFO] [Loop Complete] Passive income cycle successfully recorded. Sleeping until next cycle...
2026-09-20 09:20:20,718 [INFO] [Cycle #54] Scanning market trends & generating high-value traffic content...
2026-09-20 09:20:20,718 [INFO] User sample_user_001 entered funnel. Sending automated value pitch & secure checkout link...
2026-09-20 09:20:20,719 [INFO] [SUCCESS] Payment of $49.99 received from sample_user_001!
2026-09-20 09:20:20,719 [INFO] Automatically dispatching encrypted digital assets/keys to sample_user_001.
2026-09-20 09:20:20,719 [INFO] [Loop Complete] Passive income cycle successfully recorded. Sleeping until next cycle...
2026-09-20 09:20:30,719 [INFO] [Cycle #55] Scanning market trends & generating high-value traffic content...
2026-09-20 09:20:30,720 [INFO] User sample_user_001 entered funnel. Sending automated value pitch & secure checkout link...
2026-09-20 09:20:30,720 [INFO] [SUCCESS] Payment of $49.99 received from sample_user_001!
2026-09-20 09:20:30,720 [INFO] Automatically dispatching encrypted digital assets/keys to sample_user_001.
2026-09-20 09:20:30,720 [INFO] [Loop Complete] Passive income cycle successfully recorded. Sleeping until next cycle...
2026-09-20 09:20:40,720 [INFO] [Cycle #56] Scanning market trends & generating high-value traffic content...
2026-09-20 09:20:40,720 [INFO] User sample_user_001 entered funnel. Sending automated value pitch & secure checkout link...
2026-09-20 09:20:40,720 [INFO] [SUCCESS] Payment of $49.99 received from sample_user_001!
2026-09-20 09:20:40,720 [INFO] Automatically dispatching encrypted digital assets/keys to sample_user_001.
2026-09-20 09:20:40,721 [INFO] [Loop Complete] Passive income cycle successfully recorded. Sleeping until next cycle...
2026-09-20 09:20:50,721 [INFO] [Cycle #57] Scanning market trends & generating high-value traffic content...
2026-09-20 09:20:50,721 [INFO] User sample_user_001 entered funnel. Sending automated value pitch & secure checkout link...
2026-09-20 09:20:50,721 [INFO] [SUCCESS] Payment of $49.99 received from sample_user_001!
2026-09-20 09:20:50,721 [INFO] Automatically dispatching encrypted digital assets/keys to sample_user_001.
2026-09-20 09:20:50,721 [INFO] [Loop Complete] Passive income cycle successfully recorded. Sleeping until next cycle...
2026-09-20 09:21:00,721 [INFO] [Cycle #58] Scanning market trends & generating high-value traffic content...
2026-09-20 09:21:00,721 [INFO] User sample_user_001 entered funnel. Sending automated value pitch & secure checkout link...
2026-09-20 09:21:00,722 [INFO] [SUCCESS] Payment of $49.99 received from sample_user_001!
2026-09-20 09:21:00,722 [INFO] Automatically dispatching encrypted digital assets/keys to sample_user_001.
2026-09-20 09:21:00,722 [INFO] [Loop Complete] Passive income cycle successfully recorded. Sleeping until next cycle...
2026-09-20 09:21:10,722 [INFO] [Cycle #59] Scanning market trends & generating high-value traffic content...
2026-09-20 09:21:10,722 [INFO] User sample_user_001 entered funnel. Sending automated value pitch & secure checkout link...
2026-09-20 09:21:10,722 [INFO] [SUCCESS] Payment of $49.99 received from sample_user_001!
2026-09-20 09:21:10,722 [INFO] Automatically dispatching encrypted digital assets/keys to sample_user_001.
2026-09-20 09:21:10,722 [INFO] [Loop Complete] Passive income cycle successfully recorded. Sleeping until next cycle...
2026-09-20 09:21:20,722 [INFO] [Cycle #60] Scanning market trends & generating high-value traffic content...
2026-09-20 09:21:20,723 [INFO] User sample_user_001 entered funnel. Sending automated value pitch & secure checkout link...
2026-09-20 09:21:20,723 [INFO] [SUCCESS] Payment of $49.99 received from sample_user_001!
2026-09-20 09:21:20,723 [INFO] Automatically dispatching encrypted digital assets/keys to sample_user_001.
2026-09-20 09:21:20,723 [INFO] [Loop Complete] Passive income cycle successfully recorded. Sleeping until next cycle...
2026-09-20 09:21:30,723 [INFO] [Cycle #61] Scanning market trends & generating high-value traffic content...
2026-09-20 09:21:30,723 [INFO] User sample_user_001 entered funnel. Sending automated value pitch & secure checkout link...
2026-09-20 09:21:30,723 [INFO] [SUCCESS] Payment of $49.99 received from sample_user_001!
2026-09-20 09:21:30,723 [INFO] Automatically dispatching encrypted digital assets/keys to sample_user_001.
2026-09-20 09:21:30,723 [INFO] [Loop Complete] Passive income cycle successfully recorded. Sleeping until next cycle...
2026-09-20 09:21:40,724 [INFO] [Cycle #62] Scanning market trends & generating high-value traffic content...
2026-09-20 09:21:40,724 [INFO] User sample_user_001 entered funnel. Sending automated value pitch & secure checkout link...
2026-09-20 09:21:40,724 [INFO] [SUCCESS] Payment of $49.99 received from sample_user_001!
2026-09-20 09:21:40,724 [INFO] Automatically dispatching encrypted digital assets/keys to sample_user_001.
2026-09-20 09:21:40,724 [INFO] [Loop Complete] Passive income cycle successfully recorded. Sleeping until next cycle...
2026-09-20 09:21:50,724 [INFO] [Cycle #63] Scanning market trends & generating high-value traffic content...
2026-09-20 09:21:50,724 [INFO] User sample_user_001 entered funnel. Sending automated value pitch & secure checkout link...
2026-09-20 09:21:50,725 [INFO] [SUCCESS] Payment of $49.99 received from sample_user_001!
2026-09-20 09:21:50,725 [INFO] Automatically dispatching encrypted digital assets/keys to sample_user_001.
2026-09-20 09:21:50,725 [INFO] [Loop Complete] Passive income cycle successfully recorded. Sleeping until next cycle...
2026-09-20 09:22:00,725 [INFO] [Cycle #64] Scanning market trends & generating high-value traffic content...
2026-09-20 09:22:00,725 [INFO] User sample_user_001 entered funnel. Sending automated value pitch & secure checkout link...
2026-09-20 09:22:00,725 [INFO] [SUCCESS] Payment of $49.99 received from sample_user_001!
2026-09-20 09:22:00,726 [INFO] Automatically dispatching encrypted digital assets/keys to sample_user_001.
2026-09-20 09:22:00,726 [INFO] [Loop Complete] Passive income cycle successfully recorded. Sleeping until next cycle...
2026-09-20 09:22:10,726 [INFO] [Cycle #65] Scanning market trends & generating high-value traffic content...
2026-09-20 09:22:10,726 [INFO] User sample_user_001 entered funnel. Sending automated value pitch & secure checkout link...
2026-09-20 09:22:10,726 [INFO] [SUCCESS] Payment of $49.99 received from sample_user_001!
2026-09-20 09:22:10,726 [INFO] Automatically dispatching encrypted digital assets/keys to sample_user_001.
2026-09-20 09:22:10,726 [INFO] [Loop Complete] Passive income cycle successfully recorded. Sleeping until next cycle...
2026-09-20 09:22:20,726 [INFO] [Cycle #66] Scanning market trends & generating high-value traffic content...
2026-09-20 09:22:20,727 [INFO] User sample_user_001 entered funnel. Sending automated value pitch & secure checkout link...
2026-09-20 09:22:20,727 [INFO] [SUCCESS] Payment of $49.99 received from sample_user_001!
2026-09-20 09:22:20,727 [INFO] Automatically dispatching encrypted digital assets/keys to sample_user_001.
2026-09-20 09:22:20,727 [INFO] [Loop Complete] Passive income cycle successfully recorded. Sleeping until next cycle...
2026-09-20 09:22:30,727 [INFO] [Cycle #67] Scanning market trends & generating high-value traffic content...
2026-09-20 09:22:30,727 [INFO] User sample_user_001 entered funnel. Sending automated value pitch & secure checkout link...
2026-09-20 09:22:30,727 [INFO] [SUCCESS] Payment of $49.99 received from sample_user_001!
2026-09-20 09:22:30,727 [INFO] Automatically dispatching encrypted digital assets/keys to sample_user_001.
2026-09-20 09:22:30,727 [INFO] [Loop Complete] Passive income cycle successfully recorded. Sleeping until next cycle...
2026-09-20 09:22:40,728 [INFO] [Cycle #68] Scanning market trends & generating high-value traffic content...
2026-09-20 09:22:40,728 [INFO] User sample_user_001 entered funnel. Sending automated value pitch & secure checkout link...
2026-09-20 09:22:40,728 [INFO] [SUCCESS] Payment of $49.99 received from sample_user_001!
2026-09-20 09:22:40,728 [INFO] Automatically dispatching encrypted digital assets/keys to sample_user_001.
2026-09-20 09:22:40,728 [INFO] [Loop Complete] Passive income cycle successfully recorded. Sleeping until next cycle...
2026-09-20 09:22:50,728 [INFO] [Cycle #69] Scanning market trends & generating high-value traffic content...
2026-09-20 09:22:50,728 [INFO] User sample_user_001 entered funnel. Sending automated value pitch & secure checkout link...
2026-09-20 09:22:50,729 [INFO] [SUCCESS] Payment of $49.99 received from sample_user_001!
2026-09-20 09:22:50,729 [INFO] Automatically dispatching encrypted digital assets/keys to sample_user_001.
2026-09-20 09:22:50,729 [INFO] [Loop Complete] Passive income cycle successfully recorded. Sleeping until next cycle...
2026-09-20 09:23:00,729 [INFO] [Cycle #70] Scanning market trends & generating high-value traffic content...
2026-09-20 09:23:00,729 [INFO] User sample_user_001 entered funnel. Sending automated value pitch & secure checkout link...
2026-09-20 09:23:00,729 [INFO] [SUCCESS] Payment of $49.99 received from sample_user_001!
2026-09-20 09:23:00,729 [INFO] Automatically dispatching encrypted digital assets/keys to sample_user_001.
2026-09-20 09:23:00,729 [INFO] [Loop Complete] Passive income cycle successfully recorded. Sleeping until next cycle...
2026-09-20 09:23:10,729 [INFO] [Cycle #71] Scanning market trends & generating high-value traffic content...
2026-09-20 09:23:10,730 [INFO] User sample_user_001 entered funnel. Sending automated value pitch & secure checkout link...
2026-09-20 09:23:10,730 [INFO] [SUCCESS] Payment of $49.99 received from sample_user_001!
2026-09-20 09:23:10,730 [INFO] Automatically dispatching encrypted digital assets/keys to sample_user_001.
2026-09-20 09:23:10,730 [INFO] [Loop Complete] Passive income cycle successfully recorded. Sleeping until next cycle...
2026-09-20 09:23:20,730 [INFO] [Cycle #72] Scanning market trends & generating high-value traffic content...
2026-09-20 09:23:20,730 [INFO] User sample_user_001 entered funnel. Sending automated value pitch & secure checkout link...
2026-09-20 09:23:20,730 [INFO] [SUCCESS] Payment of $49.99 received from sample_user_001!
2026-09-20 09:23:20,730 [INFO] Automatically dispatching encrypted digital assets/keys to sample_user_001.
2026-09-20 09:23:20,730 [INFO] [Loop Complete] Passive income cycle successfully recorded. Sleeping until next cycle...
2026-09-20 09:23:30,731 [INFO] [Cycle #73] Scanning market trends & generating high-value traffic content...
2026-09-20 09:23:30,731 [INFO] User sample_user_001 entered funnel. Sending automated value pitch & secure checkout link...
2026-09-20 09:23:30,731 [INFO] [SUCCESS] Payment of $49.99 received from sample_user_001!
2026-09-20 09:23:30,731 [INFO] Automatically dispatching encrypted digital assets/keys to sample_user_001.
2026-09-20 09:23:30,731 [INFO] [Loop Complete] Passive income cycle successfully recorded. Sleeping until next cycle...
2026-09-20 09:23:40,731 [INFO] [Cycle #74] Scanning market trends & generating high-value traffic content...
2026-09-20 09:23:40,731 [INFO] User sample_user_001 entered funnel. Sending automated value pitch & secure checkout link...
2026-09-20 09:23:40,731 [INFO] [SUCCESS] Payment of $49.99 received from sample_user_001!
2026-09-20 09:23:40,731 [INFO] Automatically dispatching encrypted digital assets/keys to sample_user_001.
2026-09-20 09:23:40,731 [INFO] [Loop Complete] Passive income cycle successfully recorded. Sleeping until next cycle...
2026-09-20 09:23:50,732 [INFO] [Cycle #75] Scanning market trends & generating high-value traffic content...
2026-09-20 09:23:50,732 [INFO] User sample_user_001 entered funnel. Sending automated value pitch & secure checkout link...
2026-09-20 09:23:50,732 [INFO] [SUCCESS] Payment of $49.99 received from sample_user_001!
2026-09-20 09:23:50,732 [INFO] Automatically dispatching encrypted digital assets/keys to sample_user_001.
2026-09-20 09:23:50,732 [INFO] [Loop Complete] Passive income cycle successfully recorded. Sleeping until next cycle...
2026-09-20 09:24:00,732 [INFO] [Cycle #76] Scanning market trends & generating high-value traffic content...
2026-09-20 09:24:00,732 [INFO] User sample_user_001 entered funnel. Sending automated value pitch & secure checkout link...
2026-09-20 09:24:00,732 [INFO] [SUCCESS] Payment of $49.99 received from sample_user_001!
2026-09-20 09:24:00,733 [INFO] Automatically dispatching encrypted digital assets/keys to sample_user_001.
2026-09-20 09:24:00,733 [INFO] [Loop Complete] Passive income cycle successfully recorded. Sleeping until next cycle...
2026-09-20 09:24:10,733 [INFO] [Cycle #77] Scanning market trends & generating high-value traffic content...
2026-09-20 09:24:10,733 [INFO] User sample_user_001 entered funnel. Sending automated value pitch & secure checkout link...
2026-09-20 09:24:10,733 [INFO] [SUCCESS] Payment of $49.99 received from sample_user_001!
2026-09-20 09:24:10,733 [INFO] Automatically dispatching encrypted digital assets/keys to sample_user_001.
2026-09-20 09:24:10,733 [INFO] [Loop Complete] Passive income cycle successfully recorded. Sleeping until next cycle...
2026-09-20 09:24:20,733 [INFO] [Cycle #78] Scanning market trends & generating high-value traffic content...
2026-09-20 09:24:20,734 [INFO] User sample_user_001 entered funnel. Sending automated value pitch & secure checkout link...
2026-09-20 09:24:20,734 [INFO] [SUCCESS] Payment of $49.99 received from sample_user_001!
2026-09-20 09:24:20,734 [INFO] Automatically dispatching encrypted digital assets/keys to sample_user_001.
2026-09-20 09:24:20,734 [INFO] [Loop Complete] Passive income cycle successfully recorded. Sleeping until next cycle...
2026-09-20 09:24:30,734 [INFO] [Cycle #79] Scanning market trends & generating high-value traffic content...
2026-09-20 09:24:30,734 [INFO] User sample_user_001 entered funnel. Sending automated value pitch & secure checkout link...
2026-09-20 09:24:30,734 [INFO] [SUCCESS] Payment of $49.99 received from sample_user_001!
2026-09-20 09:24:30,734 [INFO] Automatically dispatching encrypted digital assets/keys to sample_user_001.
2026-09-20 09:24:30,735 [INFO] [Loop Complete] Passive income cycle successfully recorded. Sleeping until next cycle...
2026-09-20 09:24:40,735 [INFO] [Cycle #80] Scanning market trends & generating high-value traffic content...
2026-09-20 09:24:40,735 [INFO] User sample_user_001 entered funnel. Sending automated value pitch & secure checkout link...
2026-09-20 09:24:40,735 [INFO] [SUCCESS] Payment of $49.99 received from sample_user_001!
2026-09-20 09:24:40,735 [INFO] Automatically dispatching encrypted digital assets/keys to sample_user_001.
2026-09-20 09:24:40,735 [INFO] [Loop Complete] Passive income cycle successfully recorded. Sleeping until next cycle...
2026-09-20 09:24:50,735 [INFO] [Cycle #81] Scanning market trends & generating high-value traffic content...
2026-09-20 09:24:50,736 [INFO] User sample_user_001 entered funnel. Sending automated value pitch & secure checkout link...
2026-09-20 09:24:50,736 [INFO] [SUCCESS] Payment of $49.99 received from sample_user_001!
2026-09-20 09:24:50,736 [INFO] Automatically dispatching encrypted digital assets/keys to sample_user_001.
2026-09-20 09:24:50,736 [INFO] [Loop Complete] Passive income cycle successfully recorded. Sleeping until next cycle...
2026-09-20 09:25:00,736 [INFO] [Cycle #82] Scanning market trends & generating high-value traffic content...
2026-09-20 09:25:00,736 [INFO] User sample_user_001 entered funnel. Sending automated value pitch & secure checkout link...
2026-09-20 09:25:00,736 [INFO] [SUCCESS] Payment of $49.99 received from sample_user_001!
2026-09-20 09:25:00,736 [INFO] Automatically dispatching encrypted digital assets/keys to sample_user_001.
2026-09-20 09:25:00,736 [INFO] [Loop Complete] Passive income cycle successfully recorded. Sleeping until next cycle...
2026-09-20 09:25:10,737 [INFO] [Cycle #83] Scanning market trends & generating high-value traffic content...
2026-09-20 09:25:10,737 [INFO] User sample_user_001 entered funnel. Sending automated value pitch & secure checkout link...
2026-09-20 09:25:10,737 [INFO] [SUCCESS] Payment of $49.99 received from sample_user_001!
2026-09-20 09:25:10,737 [INFO] Automatically dispatching encrypted digital assets/keys to sample_user_001.
2026-09-20 09:25:10,737 [INFO] [Loop Complete] Passive income cycle successfully recorded. Sleeping until next cycle...
2026-09-20 09:25:20,737 [INFO] [Cycle #84] Scanning market trends & generating high-value traffic content...
2026-09-20 09:25:20,737 [INFO] User sample_user_001 entered funnel. Sending automated value pitch & secure checkout link...
2026-09-20 09:25:20,738 [INFO] [SUCCESS] Payment of $49.99 received from sample_user_001!
2026-09-20 09:25:20,738 [INFO] Automatically dispatching encrypted digital assets/keys to sample_user_001.
2026-09-20 09:25:20,738 [INFO] [Loop Complete] Passive income cycle successfully recorded. Sleeping until next cycle...
2026-09-20 09:25:30,739 [INFO] [Cycle #85] Scanning market trends & generating high-value traffic content...
2026-09-20 09:25:30,739 [INFO] User sample_user_001 entered funnel. Sending automated value pitch & secure checkout link...
2026-09-20 09:25:30,739 [INFO] [SUCCESS] Payment of $49.99 received from sample_user_001!
2026-09-20 09:25:30,739 [INFO] Automatically dispatching encrypted digital assets/keys to sample_user_001.
2026-09-20 09:25:30,739 [INFO] [Loop Complete] Passive income cycle successfully recorded. Sleeping until next cycle...
2026-09-20 09:25:40,739 [INFO] [Cycle #86] Scanning market trends & generating high-value traffic content...
2026-09-20 09:25:40,739 [INFO] User sample_user_001 entered funnel. Sending automated value pitch & secure checkout link...
2026-09-20 09:25:40,739 [INFO] [SUCCESS] Payment of $49.99 received from sample_user_001!
2026-09-20 09:25:40,740 [INFO] Automatically dispatching encrypted digital assets/keys to sample_user_001.
2026-09-20 09:25:40,740 [INFO] [Loop Complete] Passive income cycle successfully recorded. Sleeping until next cycle...
2026-09-20 09:25:50,740 [INFO] [Cycle #87] Scanning market trends & generating high-value traffic content...
2026-09-20 09:25:50,740 [INFO] User sample_user_001 entered funnel. Sending automated value pitch & secure checkout link...
2026-09-20 09:25:50,740 [INFO] [SUCCESS] Payment of $49.99 received from sample_user_001!
2026-09-20 09:25:50,740 [INFO] Automatically dispatching encrypted digital assets/keys to sample_user_001.
2026-09-20 09:25:50,740 [INFO] [Loop Complete] Passive income cycle successfully recorded. Sleeping until next cycle...
2026-09-20 09:26:00,740 [INFO] [Cycle #88] Scanning market trends & generating high-value traffic content...
2026-09-20 09:26:00,741 [INFO] User sample_user_001 entered funnel. Sending automated value pitch & secure checkout link...
2026-09-20 09:26:00,741 [INFO] [SUCCESS] Payment of $49.99 received from sample_user_001!
2026-09-20 09:26:00,741 [INFO] Automatically dispatching encrypted digital assets/keys to sample_user_001.
2026-09-20 09:26:00,741 [INFO] [Loop Complete] Passive income cycle successfully recorded. Sleeping until next cycle...
2026-09-20 09:26:10,741 [INFO] [Cycle #89] Scanning market trends & generating high-value traffic content...
2026-09-20 09:26:10,741 [INFO] User sample_user_001 entered funnel. Sending automated value pitch & secure checkout link...
2026-09-20 09:26:10,743 [INFO] [SUCCESS] Payment of $49.99 received from sample_user_001!
2026-09-20 09:26:10,743 [INFO] Automatically dispatching encrypted digital assets/keys to sample_user_001.
2026-09-20 09:26:10,744 [INFO] [Loop Complete] Passive income cycle successfully recorded. Sleeping until next cycle...
2026-09-20 09:26:20,744 [INFO] [Cycle #90] Scanning market trends & generating high-value traffic content...
2026-09-20 09:26:20,744 [INFO] User sample_user_001 entered funnel. Sending automated value pitch & secure checkout link...
2026-09-20 09:26:20,744 [INFO] [SUCCESS] Payment of $49.99 received from sample_user_001!
2026-09-20 09:26:20,744 [INFO] Automatically dispatching encrypted digital assets/keys to sample_user_001.
2026-09-20 09:26:20,744 [INFO] [Loop Complete] Passive income cycle successfully recorded. Sleeping until next cycle...
2026-09-20 09:26:30,744 [INFO] [Cycle #91] Scanning market trends & generating high-value traffic content...
2026-09-20 09:26:30,744 [INFO] User sample_user_001 entered funnel. Sending automated value pitch & secure checkout link...
2026-09-20 09:26:30,744 [INFO] [SUCCESS] Payment of $49.99 received from sample_user_001!
2026-09-20 09:26:30,745 [INFO] Automatically dispatching encrypted digital assets/keys to sample_user_001.
2026-09-20 09:26:30,745 [INFO] [Loop Complete] Passive income cycle successfully recorded. Sleeping until next cycle...
2026-09-20 09:26:40,745 [INFO] [Cycle #92] Scanning market trends & generating high-value traffic content...
2026-09-20 09:26:40,745 [INFO] User sample_user_001 entered funnel. Sending automated value pitch & secure checkout link...
2026-09-20 09:26:40,745 [INFO] [SUCCESS] Payment of $49.99 received from sample_user_001!
2026-09-20 09:26:40,745 [INFO] Automatically dispatching encrypted digital assets/keys to sample_user_001.
2026-09-20 09:26:40,745 [INFO] [Loop Complete] Passive income cycle successfully recorded. Sleeping until next cycle...
2026-09-20 09:26:50,745 [INFO] [Cycle #93] Scanning market trends & generating high-value traffic content...
2026-09-20 09:26:50,745 [INFO] User sample_user_001 entered funnel. Sending automated value pitch & secure checkout link...
2026-09-20 09:26:50,746 [INFO] [SUCCESS] Payment of $49.99 received from sample_user_001!
2026-09-20 09:26:50,746 [INFO] Automatically dispatching encrypted digital assets/keys to sample_user_001.
2026-09-20 09:26:50,746 [INFO] [Loop Complete] Passive income cycle successfully recorded. Sleeping until next cycle...
2026-09-20 09:27:00,746 [INFO] [Cycle #94] Scanning market trends & generating high-value traffic content...
2026-09-20 09:27:00,746 [INFO] User sample_user_001 entered funnel. Sending automated value pitch & secure checkout link...
2026-09-20 09:27:00,746 [INFO] [SUCCESS] Payment of $49.99 received from sample_user_001!
2026-09-20 09:27:00,746 [INFO] Automatically dispatching encrypted digital assets/keys to sample_user_001.
2026-09-20 09:27:00,746 [INFO] [Loop Complete] Passive income cycle successfully recorded. Sleeping until next cycle...
2026-09-20 09:27:10,746 [INFO] [Cycle #95] Scanning market trends & generating high-value traffic content...
2026-09-20 09:27:10,747 [INFO] User sample_user_001 entered funnel. Sending automated value pitch & secure checkout link...
2026-09-20 09:27:10,747 [INFO] [SUCCESS] Payment of $49.99 received from sample_user_001!
2026-09-20 09:27:10,747 [INFO] Automatically dispatching encrypted digital assets/keys to sample_user_001.
2026-09-20 09:27:10,747 [INFO] [Loop Complete] Passive income cycle successfully recorded. Sleeping until next cycle...
2026-09-20 09:27:20,747 [INFO] [Cycle #96] Scanning market trends & generating high-value traffic content...
2026-09-20 09:27:20,747 [INFO] User sample_user_001 entered funnel. Sending automated value pitch & secure checkout link...
2026-09-20 09:27:20,748 [INFO] [SUCCESS] Payment of $49.99 received from sample_user_001!
2026-09-20 09:27:20,748 [INFO] Automatically dispatching encrypted digital assets/keys to sample_user_001.
2026-09-20 09:27:20,748 [INFO] [Loop Complete] Passive income cycle successfully recorded. Sleeping until next cycle...
2026-09-20 09:27:30,748 [INFO] [Cycle #97] Scanning market trends & generating high-value traffic content...
2026-09-20 09:27:30,748 [INFO] User sample_user_001 entered funnel. Sending automated value pitch & secure checkout link...
2026-09-20 09:27:30,748 [INFO] [SUCCESS] Payment of $49.99 received from sample_user_001!
2026-09-20 09:27:30,748 [INFO] Automatically dispatching encrypted digital assets/keys to sample_user_001.
2026-09-20 09:27:30,748 [INFO] [Loop Complete] Passive income cycle successfully recorded. Sleeping until next cycle...
2026-09-20 09:27:40,749 [INFO] [Cycle #98] Scanning market trends & generating high-value traffic content...
2026-09-20 09:27:40,749 [INFO] User sample_user_001 entered funnel. Sending automated value pitch & secure checkout link...
2026-09-20 09:27:40,749 [INFO] [SUCCESS] Payment of $49.99 received from sample_user_001!
2026-09-20 09:27:40,749 [INFO] Automatically dispatching encrypted digital assets/keys to sample_user_001.
2026-09-20 09:27:40,749 [INFO] [Loop Complete] Passive income cycle successfully recorded. Sleeping until next cycle...
2026-09-20 09:27:50,749 [INFO] [Cycle #99] Scanning market trends & generating high-value traffic content...
2026-09-20 09:27:50,749 [INFO] User sample_user_001 entered funnel. Sending automated value pitch & secure checkout link...
2026-09-20 09:27:50,749 [INFO] [SUCCESS] Payment of $49.99 received from sample_user_001!
2026-09-20 09:27:50,750 [INFO] Automatically dispatching encrypted digital assets/keys to sample_user_001.
2026-09-20 09:27:50,750 [INFO] [Loop Complete] Passive income cycle successfully recorded. Sleeping until next cycle...
2026-09-20 09:28:00,750 [INFO] [Cycle #100] Scanning market trends & generating high-value traffic content...
2026-09-20 09:28:00,750 [INFO] User sample_user_001 entered funnel. Sending automated value pitch & secure checkout link...
2026-09-20 09:28:00,750 [INFO] [SUCCESS] Payment of $49.99 received from sample_user_001!
2026-09-20 09:28:00,750 [INFO] Automatically dispatching encrypted digital assets/keys to sample_user_001.
2026-09-20 09:28:00,750 [INFO] [Loop Complete] Passive income cycle successfully recorded. Sleeping until next cycle...
2026-09-20 09:28:10,750 [INFO] [Cycle #101] Scanning market trends & generating high-value traffic content...
2026-09-20 09:28:10,751 [INFO] User sample_user_001 entered funnel. Sending automated value pitch & secure checkout link...
2026-09-20 09:28:10,751 [INFO] [SUCCESS] Payment of $49.99 received from sample_user_001!
2026-09-20 09:28:10,751 [INFO] Automatically dispatching encrypted digital assets/keys to sample_user_001.
2026-09-20 09:28:10,751 [INFO] [Loop Complete] Passive income cycle successfully recorded. Sleeping until next cycle...
2026-09-20 09:28:20,751 [INFO] [Cycle #102] Scanning market trends & generating high-value traffic content...
2026-09-20 09:28:20,751 [INFO] User sample_user_001 entered funnel. Sending automated value pitch & secure checkout link...
2026-09-20 09:28:20,751 [INFO] [SUCCESS] Payment of $49.99 received from sample_user_001!
2026-09-20 09:28:20,751 [INFO] Automatically dispatching encrypted digital assets/keys to sample_user_001.
2026-09-20 09:28:20,751 [INFO] [Loop Complete] Passive income cycle successfully recorded. Sleeping until next cycle...
2026-09-20 09:28:30,752 [INFO] [Cycle #103] Scanning market trends & generating high-value traffic content...
2026-09-20 09:28:30,752 [INFO] User sample_user_001 entered funnel. Sending automated value pitch & secure checkout link...
2026-09-20 09:28:30,752 [INFO] [SUCCESS] Payment of $49.99 received from sample_user_001!
2026-09-20 09:28:30,752 [INFO] Automatically dispatching encrypted digital assets/keys to sample_user_001.
2026-09-20 09:28:30,752 [INFO] [Loop Complete] Passive income cycle successfully recorded. Sleeping until next cycle...
2026-09-20 09:28:40,752 [INFO] [Cycle #104] Scanning market trends & generating high-value traffic content...
2026-09-20 09:28:40,752 [INFO] User sample_user_001 entered funnel. Sending automated value pitch & secure checkout link...
2026-09-20 09:28:40,752 [INFO] [SUCCESS] Payment of $49.99 received from sample_user_001!
2026-09-20 09:28:40,753 [INFO] Automatically dispatching encrypted digital assets/keys to sample_user_001.
2026-09-20 09:28:40,753 [INFO] [Loop Complete] Passive income cycle successfully recorded. Sleeping until next cycle...
2026-09-20 09:28:50,753 [INFO] [Cycle #105] Scanning market trends & generating high-value traffic content...
2026-09-20 09:28:50,753 [INFO] User sample_user_001 entered funnel. Sending automated value pitch & secure checkout link...
2026-09-20 09:28:50,753 [INFO] [SUCCESS] Payment of $49.99 received from sample_user_001!
2026-09-20 09:28:50,753 [INFO] Automatically dispatching encrypted digital assets/keys to sample_user_001.
2026-09-20 09:28:50,753 [INFO] [Loop Complete] Passive income cycle successfully recorded. Sleeping until next cycle...
2026-09-20 09:29:00,753 [INFO] [Cycle #106] Scanning market trends & generating high-value traffic content...
2026-09-20 09:29:00,754 [INFO] User sample_user_001 entered funnel. Sending automated value pitch & secure checkout link...
2026-09-20 09:29:00,754 [INFO] [SUCCESS] Payment of $49.99 received from sample_user_001!
2026-09-20 09:29:00,754 [INFO] Automatically dispatching encrypted digital assets/keys to sample_user_001.
2026-09-20 09:29:00,754 [INFO] [Loop Complete] Passive income cycle successfully recorded. Sleeping until next cycle...
2026-09-20 09:29:10,754 [INFO] [Cycle #107] Scanning market trends & generating high-value traffic content...
2026-09-20 09:29:10,754 [INFO] User sample_user_001 entered funnel. Sending automated value pitch & secure checkout link...
2026-09-20 09:29:10,754 [INFO] [SUCCESS] Payment of $49.99 received from sample_user_001!
2026-09-20 09:29:10,754 [INFO] Automatically dispatching encrypted digital assets/keys to sample_user_001.
2026-09-20 09:29:10,754 [INFO] [Loop Complete] Passive income cycle successfully recorded. Sleeping until next cycle...
2026-09-20 09:29:20,755 [INFO] [Cycle #108] Scanning market trends & generating high-value traffic content...
2026-09-20 09:29:20,755 [INFO] User sample_user_001 entered funnel. Sending automated value pitch & secure checkout link...
2026-09-20 09:29:20,755 [INFO] [SUCCESS] Payment of $49.99 received from sample_user_001!
2026-09-20 09:29:20,755 [INFO] Automatically dispatching encrypted digital assets/keys to sample_user_001.
2026-09-20 09:29:20,755 [INFO] [Loop Complete] Passive income cycle successfully recorded. Sleeping until next cycle...
2026-09-20 09:29:30,755 [INFO] [Cycle #109] Scanning market trends & generating high-value traffic content...
2026-09-20 09:29:30,756 [INFO] User sample_user_001 entered funnel. Sending automated value pitch & secure checkout link...
2026-09-20 09:29:30,756 [INFO] [SUCCESS] Payment of $49.99 received from sample_user_001!
2026-09-20 09:29:30,756 [INFO] Automatically dispatching encrypted digital assets/keys to sample_user_001.
2026-09-20 09:29:30,756 [INFO] [Loop Complete] Passive income cycle successfully recorded. Sleeping until next cycle...
2026-09-20 09:29:40,756 [INFO] [Cycle #110] Scanning market trends & generating high-value traffic content...
2026-09-20 09:29:40,756 [INFO] User sample_user_001 entered funnel. Sending automated value pitch & secure checkout link...
2026-09-20 09:29:40,756 [INFO] [SUCCESS] Payment of $49.99 received from sample_user_001!
2026-09-20 09:29:40,756 [INFO] Automatically dispatching encrypted digital assets/keys to sample_user_001.
2026-09-20 09:29:40,756 [INFO] [Loop Complete] Passive income cycle successfully recorded. Sleeping until next cycle...
2026-09-20 09:29:50,757 [INFO] [Cycle #111] Scanning market trends & generating high-value traffic content...
2026-09-20 09:29:50,757 [INFO] User sample_user_001 entered funnel. Sending automated value pitch & secure checkout link...
2026-09-20 09:29:50,757 [INFO] [SUCCESS] Payment of $49.99 received from sample_user_001!
2026-09-20 09:29:50,757 [INFO] Automatically dispatching encrypted digital assets/keys to sample_user_001.
2026-09-20 09:29:50,757 [INFO] [Loop Complete] Passive income cycle successfully recorded. Sleeping until next cycle...
2026-09-20 09:30:00,757 [INFO] [Cycle #112] Scanning market trends & generating high-value traffic content...
2026-09-20 09:30:00,757 [INFO] User sample_user_001 entered funnel. Sending automated value pitch & secure checkout link...
2026-09-20 09:30:00,758 [INFO] [SUCCESS] Payment of $49.99 received from sample_user_001!
2026-09-20 09:30:00,758 [INFO] Automatically dispatching encrypted digital assets/keys to sample_user_001.
2026-09-20 09:30:00,758 [INFO] [Loop Complete] Passive income cycle successfully recorded. Sleeping until next cycle...
2026-09-20 09:30:10,758 [INFO] [Cycle #113] Scanning market trends & generating high-value traffic content...
2026-09-20 09:30:10,758 [INFO] User sample_user_001 entered funnel. Sending automated value pitch & secure checkout link...
2026-09-20 09:30:10,758 [INFO] [SUCCESS] Payment of $49.99 received from sample_user_001!
2026-09-20 09:30:10,758 [INFO] Automatically dispatching encrypted digital assets/keys to sample_user_001.
2026-09-20 09:30:10,758 [INFO] [Loop Complete] Passive income cycle successfully recorded. Sleeping until next cycle...
2026-09-20 09:30:20,758 [INFO] [Cycle #114] Scanning market trends & generating high-value traffic content...
2026-09-20 09:30:20,759 [INFO] User sample_user_001 entered funnel. Sending automated value pitch & secure checkout link...
2026-09-20 09:30:20,759 [INFO] [SUCCESS] Payment of $49.99 received from sample_user_001!
2026-09-20 09:30:20,759 [INFO] Automatically dispatching encrypted digital assets/keys to sample_user_001.
2026-09-20 09:30:20,759 [INFO] [Loop Complete] Passive income cycle successfully recorded. Sleeping until next cycle...
2026-09-20 09:30:30,759 [INFO] [Cycle #115] Scanning market trends & generating high-value traffic content...
2026-09-20 09:30:30,759 [INFO] User sample_user_001 entered funnel. Sending automated value pitch & secure checkout link...
2026-09-20 09:30:30,759 [INFO] [SUCCESS] Payment of $49.99 received from sample_user_001!
2026-09-20 09:30:30,759 [INFO] Automatically dispatching encrypted digital assets/keys to sample_user_001.
2026-09-20 09:30:30,759 [INFO] [Loop Complete] Passive income cycle successfully recorded. Sleeping until next cycle...
2026-09-20 09:30:40,759 [INFO] [Cycle #116] Scanning market trends & generating high-value traffic content...
2026-09-20 09:30:40,760 [INFO] User sample_user_001 entered funnel. Sending automated value pitch & secure checkout link...
2026-09-20 09:30:40,760 [INFO] [SUCCESS] Payment of $49.99 received from sample_user_001!
2026-09-20 09:30:40,760 [INFO] Automatically dispatching encrypted digital assets/keys to sample_user_001.
2026-09-20 09:30:40,760 [INFO] [Loop Complete] Passive income cycle successfully recorded. Sleeping until next cycle...
2026-09-20 09:30:50,760 [INFO] [Cycle #117] Scanning market trends & generating high-value traffic content...
2026-09-20 09:30:50,761 [INFO] User sample_user_001 entered funnel. Sending automated value pitch & secure checkout link...
2026-09-20 09:30:50,761 [INFO] [SUCCESS] Payment of $49.99 received from sample_user_001!
2026-09-20 09:30:50,761 [INFO] Automatically dispatching encrypted digital assets/keys to sample_user_001.
2026-09-20 09:30:50,761 [INFO] [Loop Complete] Passive income cycle successfully recorded. Sleeping until next cycle...
2026-09-20 09:31:00,761 [INFO] [Cycle #118] Scanning market trends & generating high-value traffic content...
2026-09-20 09:31:00,761 [INFO] User sample_user_001 entered funnel. Sending automated value pitch & secure checkout link...
2026-09-20 09:31:00,761 [INFO] [SUCCESS] Payment of $49.99 received from sample_user_001!
2026-09-20 09:31:00,761 [INFO] Automatically dispatching encrypted digital assets/keys to sample_user_001.
2026-09-20 09:31:00,761 [INFO] [Loop Complete] Passive income cycle successfully recorded. Sleeping until next cycle...
2026-09-20 09:31:10,762 [INFO] [Cycle #119] Scanning market trends & generating high-value traffic content...
2026-09-20 09:31:10,762 [INFO] User sample_user_001 entered funnel. Sending automated value pitch & secure checkout link...
2026-09-20 09:31:10,762 [INFO] [SUCCESS] Payment of $49.99 received from sample_user_001!
2026-09-20 09:31:10,762 [INFO] Automatically dispatching encrypted digital assets/keys to sample_user_001.
2026-09-20 09:31:10,762 [INFO] [Loop Complete] Passive income cycle successfully recorded. Sleeping until next cycle...
2026-09-20 09:31:20,762 [INFO] [Cycle #120] Scanning market trends & generating high-value traffic content...
2026-09-20 09:31:20,762 [INFO] User sample_user_001 entered funnel. Sending automated value pitch & secure checkout link...
2026-09-20 09:31:20,762 [INFO] [SUCCESS] Payment of $49.99 received from sample_user_001!
2026-09-20 09:31:20,762 [INFO] Automatically dispatching encrypted digital assets/keys to sample_user_001.
2026-09-20 09:31:20,763 [INFO] [Loop Complete] Passive income cycle successfully recorded. Sleeping until next cycle...
2026-09-20 09:31:30,763 [INFO] [Cycle #121] Scanning market trends & generating high-value traffic content...
2026-09-20 09:31:30,763 [INFO] User sample_user_001 entered funnel. Sending automated value pitch & secure checkout link...
2026-09-20 09:31:30,763 [INFO] [SUCCESS] Payment of $49.99 received from sample_user_001!
2026-09-20 09:31:30,763 [INFO] Automatically dispatching encrypted digital assets/keys to sample_user_001.
2026-09-20 09:31:30,763 [INFO] [Loop Complete] Passive income cycle successfully recorded. Sleeping until next cycle...
2026-09-20 09:31:40,763 [INFO] [Cycle #122] Scanning market trends & generating high-value traffic content...
2026-09-20 09:31:40,764 [INFO] User sample_user_001 entered funnel. Sending automated value pitch & secure checkout link...
2026-09-20 09:31:40,764 [INFO] [SUCCESS] Payment of $49.99 received from sample_user_001!
2026-09-20 09:31:40,764 [INFO] Automatically dispatching encrypted digital assets/keys to sample_user_001.
2026-09-20 09:31:40,764 [INFO] [Loop Complete] Passive income cycle successfully recorded. Sleeping until next cycle...
2026-09-20 09:31:50,764 [INFO] [Cycle #123] Scanning market trends & generating high-value traffic content...
2026-09-20 09:31:50,764 [INFO] User sample_user_001 entered funnel. Sending automated value pitch & secure checkout link...
2026-09-20 09:31:50,764 [INFO] [SUCCESS] Payment of $49.99 received from sample_user_001!
2026-09-20 09:31:50,764 [INFO] Automatically dispatching encrypted digital assets/keys to sample_user_001.
2026-09-20 09:31:50,764 [INFO] [Loop Complete] Passive income cycle successfully recorded. Sleeping until next cycle...
2026-09-20 09:32:00,765 [INFO] [Cycle #124] Scanning market trends & generating high-value traffic content...
2026-09-20 09:32:00,765 [INFO] User sample_user_001 entered funnel. Sending automated value pitch & secure checkout link...
2026-09-20 09:32:00,765 [INFO] [SUCCESS] Payment of $49.99 received from sample_user_001!
2026-09-20 09:32:00,765 [INFO] Automatically dispatching encrypted digital assets/keys to sample_user_001.
2026-09-20 09:32:00,765 [INFO] [Loop Complete] Passive income cycle successfully recorded. Sleeping until next cycle...
2026-09-20 09:32:10,765 [INFO] [Cycle #125] Scanning market trends & generating high-value traffic content...
2026-09-20 09:32:10,765 [INFO] User sample_user_001 entered funnel. Sending automated value pitch & secure checkout link...
2026-09-20 09:32:10,766 [INFO] [SUCCESS] Payment of $49.99 received from sample_user_001!
2026-09-20 09:32:10,766 [INFO] Automatically dispatching encrypted digital assets/keys to sample_user_001.
2026-09-20 09:32:10,766 [INFO] [Loop Complete] Passive income cycle successfully recorded. Sleeping until next cycle...
2026-09-20 09:32:20,767 [INFO] [Cycle #126] Scanning market trends & generating high-value traffic content...
2026-09-20 09:32:20,767 [INFO] User sample_user_001 entered funnel. Sending automated value pitch & secure checkout link...
2026-09-20 09:32:20,767 [INFO] [SUCCESS] Payment of $49.99 received from sample_user_001!
2026-09-20 09:32:20,767 [INFO] Automatically dispatching encrypted digital assets/keys to sample_user_001.
2026-09-20 09:32:20,767 [INFO] [Loop Complete] Passive income cycle successfully recorded. Sleeping until next cycle...
2026-09-20 09:32:30,767 [INFO] [Cycle #127] Scanning market trends & generating high-value traffic content...
2026-09-20 09:32:30,767 [INFO] User sample_user_001 entered funnel. Sending automated value pitch & secure checkout link...
2026-09-20 09:32:30,767 [INFO] [SUCCESS] Payment of $49.99 received from sample_user_001!
2026-09-20 09:32:30,768 [INFO] Automatically dispatching encrypted digital assets/keys to sample_user_001.
2026-09-20 09:32:30,768 [INFO] [Loop Complete] Passive income cycle successfully recorded. Sleeping until next cycle...
2026-09-20 09:32:40,768 [INFO] [Cycle #128] Scanning market trends & generating high-value traffic content...
2026-09-20 09:32:40,768 [INFO] User sample_user_001 entered funnel. Sending automated value pitch & secure checkout link...
2026-09-20 09:32:40,768 [INFO] [SUCCESS] Payment of $49.99 received from sample_user_001!
2026-09-20 09:32:40,768 [INFO] Automatically dispatching encrypted digital assets/keys to sample_user_001.
2026-09-20 09:32:40,768 [INFO] [Loop Complete] Passive income cycle successfully recorded. Sleeping until next cycle...
2026-09-20 09:32:50,769 [INFO] [Cycle #129] Scanning market trends & generating high-value traffic content...
2026-09-20 09:32:50,769 [INFO] User sample_user_001 entered funnel. Sending automated value pitch & secure checkout link...
2026-09-20 09:32:50,769 [INFO] [SUCCESS] Payment of $49.99 received from sample_user_001!
2026-09-20 09:32:50,769 [INFO] Automatically dispatching encrypted digital assets/keys to sample_user_001.
2026-09-20 09:32:50,769 [INFO] [Loop Complete] Passive income cycle successfully recorded. Sleeping until next cycle...
2026-09-20 09:33:00,769 [INFO] [Cycle #130] Scanning market trends & generating high-value traffic content...
2026-09-20 09:33:00,769 [INFO] User sample_user_001 entered funnel. Sending automated value pitch & secure checkout link...
2026-09-20 09:33:00,769 [INFO] [SUCCESS] Payment of $49.99 received from sample_user_001!
2026-09-20 09:33:00,769 [INFO] Automatically dispatching encrypted digital assets/keys to sample_user_001.
2026-09-20 09:33:00,769 [INFO] [Loop Complete] Passive income cycle successfully recorded. Sleeping until next cycle...
2026-09-20 09:33:10,770 [INFO] [Cycle #131] Scanning market trends & generating high-value traffic content...
2026-09-20 09:33:10,770 [INFO] User sample_user_001 entered funnel. Sending automated value pitch & secure checkout link...
2026-09-20 09:33:10,770 [INFO] [SUCCESS] Payment of $49.99 received from sample_user_001!
2026-09-20 09:33:10,770 [INFO] Automatically dispatching encrypted digital assets/keys to sample_user_001.
2026-09-20 09:33:10,770 [INFO] [Loop Complete] Passive income cycle successfully recorded. Sleeping until next cycle...
2026-09-20 09:33:20,770 [INFO] [Cycle #132] Scanning market trends & generating high-value traffic content...
2026-09-20 09:33:20,770 [INFO] User sample_user_001 entered funnel. Sending automated value pitch & secure checkout link...
2026-09-20 09:33:20,770 [INFO] [SUCCESS] Payment of $49.99 received from sample_user_001!
2026-09-20 09:33:20,770 [INFO] Automatically dispatching encrypted digital assets/keys to sample_user_001.
2026-09-20 09:33:20,771 [INFO] [Loop Complete] Passive income cycle successfully recorded. Sleeping until next cycle...
2026-09-20 09:33:30,771 [INFO] [Cycle #133] Scanning market trends & generating high-value traffic content...
2026-09-20 09:33:30,771 [INFO] User sample_user_001 entered funnel. Sending automated value pitch & secure checkout link...
2026-09-20 09:33:30,771 [INFO] [SUCCESS] Payment of $49.99 received from sample_user_001!
2026-09-20 09:33:30,771 [INFO] Automatically dispatching encrypted digital assets/keys to sample_user_001.
2026-09-20 09:33:30,771 [INFO] [Loop Complete] Passive income cycle successfully recorded. Sleeping until next cycle...
2026-09-20 09:33:40,771 [INFO] [Cycle #134] Scanning market trends & generating high-value traffic content...
2026-09-20 09:33:40,771 [INFO] User sample_user_001 entered funnel. Sending automated value pitch & secure checkout link...
2026-09-20 09:33:40,772 [INFO] [SUCCESS] Payment of $49.99 received from sample_user_001!
2026-09-20 09:33:40,772 [INFO] Automatically dispatching encrypted digital assets/keys to sample_user_001.
2026-09-20 09:33:40,772 [INFO] [Loop Complete] Passive income cycle successfully recorded. Sleeping until next cycle...
2026-09-20 09:33:50,772 [INFO] [Cycle #135] Scanning market trends & generating high-value traffic content...
2026-09-20 09:33:50,772 [INFO] User sample_user_001 entered funnel. Sending automated value pitch & secure checkout link...
2026-09-20 09:33:50,772 [INFO] [SUCCESS] Payment of $49.99 received from sample_user_001!
2026-09-20 09:33:50,772 [INFO] Automatically dispatching encrypted digital assets/keys to sample_user_001.
2026-09-20 09:33:50,772 [INFO] [Loop Complete] Passive income cycle successfully recorded. Sleeping until next cycle...
2026-09-20 09:34:00,772 [INFO] [Cycle #136] Scanning market trends & generating high-value traffic content...
2026-09-20 09:34:00,773 [INFO] User sample_user_001 entered funnel. Sending automated value pitch & secure checkout link...
2026-09-20 09:34:00,773 [INFO] [SUCCESS] Payment of $49.99 received from sample_user_001!
2026-09-20 09:34:00,773 [INFO] Automatically dispatching encrypted digital assets/keys to sample_user_001.
2026-09-20 09:34:00,773 [INFO] [Loop Complete] Passive income cycle successfully recorded. Sleeping until next cycle...
2026-09-20 09:34:10,773 [INFO] [Cycle #137] Scanning market trends & generating high-value traffic content...
2026-09-20 09:34:10,773 [INFO] User sample_user_001 entered funnel. Sending automated value pitch & secure checkout link...
2026-09-20 09:34:10,773 [INFO] [SUCCESS] Payment of $49.99 received from sample_user_001!
2026-09-20 09:34:10,773 [INFO] Automatically dispatching encrypted digital assets/keys to sample_user_001.
2026-09-20 09:34:10,774 [INFO] [Loop Complete] Passive income cycle successfully recorded. Sleeping until next cycle...
2026-09-20 09:34:20,774 [INFO] [Cycle #138] Scanning market trends & generating high-value traffic content...
2026-09-20 09:34:20,774 [INFO] User sample_user_001 entered funnel. Sending automated value pitch & secure checkout link...
2026-09-20 09:34:20,774 [INFO] [SUCCESS] Payment of $49.99 received from sample_user_001!
2026-09-20 09:34:20,774 [INFO] Automatically dispatching encrypted digital assets/keys to sample_user_001.
2026-09-20 09:34:20,774 [INFO] [Loop Complete] Passive income cycle successfully recorded. Sleeping until next cycle...
2026-09-20 09:34:30,774 [INFO] [Cycle #139] Scanning market trends & generating high-value traffic content...
2026-09-20 09:34:30,774 [INFO] User sample_user_001 entered funnel. Sending automated value pitch & secure checkout link...
2026-09-20 09:34:30,775 [INFO] [SUCCESS] Payment of $49.99 received from sample_user_001!
2026-09-20 09:34:30,775 [INFO] Automatically dispatching encrypted digital assets/keys to sample_user_001.
2026-09-20 09:34:30,775 [INFO] [Loop Complete] Passive income cycle successfully recorded. Sleeping until next cycle...
2026-09-20 09:34:40,775 [INFO] [Cycle #140] Scanning market trends & generating high-value traffic content...
2026-09-20 09:34:40,775 [INFO] User sample_user_001 entered funnel. Sending automated value pitch & secure checkout link...
2026-09-20 09:34:40,775 [INFO] [SUCCESS] Payment of $49.99 received from sample_user_001!
2026-09-20 09:34:40,775 [INFO] Automatically dispatching encrypted digital assets/keys to sample_user_001.
2026-09-20 09:34:40,775 [INFO] [Loop Complete] Passive income cycle successfully recorded. Sleeping until next cycle...
2026-09-20 09:34:50,775 [INFO] [Cycle #141] Scanning market trends & generating high-value traffic content...
2026-09-20 09:34:50,776 [INFO] User sample_user_001 entered funnel. Sending automated value pitch & secure checkout link...
2026-09-20 09:34:50,776 [INFO] [SUCCESS] Payment of $49.99 received from sample_user_001!
2026-09-20 09:34:50,776 [INFO] Automatically dispatching encrypted digital assets/keys to sample_user_001.
2026-09-20 09:34:50,776 [INFO] [Loop Complete] Passive income cycle successfully recorded. Sleeping until next cycle...
2026-09-20 09:35:00,776 [INFO] [Cycle #142] Scanning market trends & generating high-value traffic content...
2026-09-20 09:35:00,776 [INFO] User sample_user_001 entered funnel. Sending automated value pitch & secure checkout link...
2026-09-20 09:35:00,776 [INFO] [SUCCESS] Payment of $49.99 received from sample_user_001!
2026-09-20 09:35:00,776 [INFO] Automatically dispatching encrypted digital assets/keys to sample_user_001.
2026-09-20 09:35:00,776 [INFO] [Loop Complete] Passive income cycle successfully recorded. Sleeping until next cycle...
2026-09-20 09:35:10,777 [INFO] [Cycle #143] Scanning market trends & generating high-value traffic content...
2026-09-20 09:35:10,777 [INFO] User sample_user_001 entered funnel. Sending automated value pitch & secure checkout link...
2026-09-20 09:35:10,777 [INFO] [SUCCESS] Payment of $49.99 received from sample_user_001!
2026-09-20 09:35:10,777 [INFO] Automatically dispatching encrypted digital assets/keys to sample_user_001.
2026-09-20 09:35:10,777 [INFO] [Loop Complete] Passive income cycle successfully recorded. Sleeping until next cycle...
2026-09-20 09:35:20,777 [INFO] [Cycle #144] Scanning market trends & generating high-value traffic content...
2026-09-20 09:35:20,777 [INFO] User sample_user_001 entered funnel. Sending automated value pitch & secure checkout link...
2026-09-20 09:35:20,778 [INFO] [SUCCESS] Payment of $49.99 received from sample_user_001!
2026-09-20 09:35:20,778 [INFO] Automatically dispatching encrypted digital assets/keys to sample_user_001.
2026-09-20 09:35:20,778 [INFO] [Loop Complete] Passive income cycle successfully recorded. Sleeping until next cycle...
2026-09-20 09:35:30,778 [INFO] [Cycle #145] Scanning market trends & generating high-value traffic content...
2026-09-20 09:35:30,778 [INFO] User sample_user_001 entered funnel. Sending automated value pitch & secure checkout link...
2026-09-20 09:35:30,778 [INFO] [SUCCESS] Payment of $49.99 received from sample_user_001!
2026-09-20 09:35:30,778 [INFO] Automatically dispatching encrypted digital assets/keys to sample_user_001.
2026-09-20 09:35:30,778 [INFO] [Loop Complete] Passive income cycle successfully recorded. Sleeping until next cycle...
2026-09-20 09:35:40,778 [INFO] [Cycle #146] Scanning market trends & generating high-value traffic content...
2026-09-20 09:35:40,779 [INFO] User sample_user_001 entered funnel. Sending automated value pitch & secure checkout link...
2026-09-20 09:35:40,779 [INFO] [SUCCESS] Payment of $49.99 received from sample_user_001!
2026-09-20 09:35:40,779 [INFO] Automatically dispatching encrypted digital assets/keys to sample_user_001.
2026-09-20 09:35:40,779 [INFO] [Loop Complete] Passive income cycle successfully recorded. Sleeping until next cycle...
2026-09-20 09:35:50,779 [INFO] [Cycle #147] Scanning market trends & generating high-value traffic content...
2026-09-20 09:35:50,779 [INFO] User sample_user_001 entered funnel. Sending automated value pitch & secure checkout link...
2026-09-20 09:35:50,779 [INFO] [SUCCESS] Payment of $49.99 received from sample_user_001!
2026-09-20 09:35:50,779 [INFO] Automatically dispatching encrypted digital assets/keys to sample_user_001.
2026-09-20 09:35:50,780 [INFO] [Loop Complete] Passive income cycle successfully recorded. Sleeping until next cycle...
2026-09-20 09:36:00,780 [INFO] [Cycle #148] Scanning market trends & generating high-value traffic content...
2026-09-20 09:36:00,780 [INFO] User sample_user_001 entered funnel. Sending automated value pitch & secure checkout link...
2026-09-20 09:36:00,780 [INFO] [SUCCESS] Payment of $49.99 received from sample_user_001!
2026-09-20 09:36:00,780 [INFO] Automatically dispatching encrypted digital assets/keys to sample_user_001.
2026-09-20 09:36:00,780 [INFO] [Loop Complete] Passive income cycle successfully recorded. Sleeping until next cycle...
2026-09-20 09:36:10,780 [INFO] [Cycle #149] Scanning market trends & generating high-value traffic content...
2026-09-20 09:36:10,781 [INFO] User sample_user_001 entered funnel. Sending automated value pitch & secure checkout link...
2026-09-20 09:36:10,781 [INFO] [SUCCESS] Payment of $49.99 received from sample_user_001!
2026-09-20 09:36:10,781 [INFO] Automatically dispatching encrypted digital assets/keys to sample_user_001.
2026-09-20 09:36:10,781 [INFO] [Loop Complete] Passive income cycle successfully recorded. Sleeping until next cycle...
2026-09-20 09:36:20,781 [INFO] [Cycle #150] Scanning market trends & generating high-value traffic content...
2026-09-20 09:36:20,781 [INFO] User sample_user_001 entered funnel. Sending automated value pitch & secure checkout link...
2026-09-20 09:36:20,781 [INFO] [SUCCESS] Payment of $49.99 received from sample_user_001!
2026-09-20 09:36:20,781 [INFO] Automatically dispatching encrypted digital assets/keys to sample_user_001.
2026-09-20 09:36:20,781 [INFO] [Loop Complete] Passive income cycle successfully recorded. Sleeping until next cycle...
2026-09-20 09:36:30,782 [INFO] [Cycle #151] Scanning market trends & generating high-value traffic content...
2026-09-20 09:36:30,782 [INFO] User sample_user_001 entered funnel. Sending automated value pitch & secure checkout link...
2026-09-20 09:36:30,782 [INFO] [SUCCESS] Payment of $49.99 received from sample_user_001!
2026-09-20 09:36:30,782 [INFO] Automatically dispatching encrypted digital assets/keys to sample_user_001.
2026-09-20 09:36:30,782 [INFO] [Loop Complete] Passive income cycle successfully recorded. Sleeping until next cycle...
2026-09-20 09:36:40,782 [INFO] [Cycle #152] Scanning market trends & generating high-value traffic content...
2026-09-20 09:36:40,782 [INFO] User sample_user_001 entered funnel. Sending automated value pitch & secure checkout link...
2026-09-20 09:36:40,782 [INFO] [SUCCESS] Payment of $49.99 received from sample_user_001!
2026-09-20 09:36:40,783 [INFO] Automatically dispatching encrypted digital assets/keys to sample_user_001.
2026-09-20 09:36:40,783 [INFO] [Loop Complete] Passive income cycle successfully recorded. Sleeping until next cycle...
2026-09-20 09:36:50,783 [INFO] [Cycle #153] Scanning market trends & generating high-value traffic content...
2026-09-20 09:36:50,783 [INFO] User sample_user_001 entered funnel. Sending automated value pitch & secure checkout link...
2026-09-20 09:36:50,783 [INFO] [SUCCESS] Payment of $49.99 received from sample_user_001!
2026-09-20 09:36:50,783 [INFO] Automatically dispatching encrypted digital assets/keys to sample_user_001.
2026-09-20 09:36:50,783 [INFO] [Loop Complete] Passive income cycle successfully recorded. Sleeping until next cycle...
2026-09-20 09:37:00,783 [INFO] [Cycle #154] Scanning market trends & generating high-value traffic content...
2026-09-20 09:37:00,784 [INFO] User sample_user_001 entered funnel. Sending automated value pitch & secure checkout link...
2026-09-20 09:37:00,784 [INFO] [SUCCESS] Payment of $49.99 received from sample_user_001!
2026-09-20 09:37:00,784 [INFO] Automatically dispatching encrypted digital assets/keys to sample_user_001.
2026-09-20 09:37:00,784 [INFO] [Loop Complete] Passive income cycle successfully recorded. Sleeping until next cycle...
2026-09-20 09:37:10,784 [INFO] [Cycle #155] Scanning market trends & generating high-value traffic content...
2026-09-20 09:37:10,784 [INFO] User sample_user_001 entered funnel. Sending automated value pitch & secure checkout link...
2026-09-20 09:37:10,784 [INFO] [SUCCESS] Payment of $49.99 received from sample_user_001!
2026-09-20 09:37:10,784 [INFO] Automatically dispatching encrypted digital assets/keys to sample_user_001.
2026-09-20 09:37:10,784 [INFO] [Loop Complete] Passive income cycle successfully recorded. Sleeping until next cycle...
2026-09-20 09:37:20,785 [INFO] [Cycle #156] Scanning market trends & generating high-value traffic content...
2026-09-20 09:37:20,785 [INFO] User sample_user_001 entered funnel. Sending automated value pitch & secure checkout link...
2026-09-20 09:37:20,785 [INFO] [SUCCESS] Payment of $49.99 received from sample_user_001!
2026-09-20 09:37:20,785 [INFO] Automatically dispatching encrypted digital assets/keys to sample_user_001.
2026-09-20 09:37:20,785 [INFO] [Loop Complete] Passive income cycle successfully recorded. Sleeping until next cycle...
2026-09-20 09:37:30,785 [INFO] [Cycle #157] Scanning market trends & generating high-value traffic content...
2026-09-20 09:37:30,785 [INFO] User sample_user_001 entered funnel. Sending automated value pitch & secure checkout link...
2026-09-20 09:37:30,786 [INFO] [SUCCESS] Payment of $49.99 received from sample_user_001!
2026-09-20 09:37:30,786 [INFO] Automatically dispatching encrypted digital assets/keys to sample_user_001.
2026-09-20 09:37:30,786 [INFO] [Loop Complete] Passive income cycle successfully recorded. Sleeping until next cycle...
2026-09-20 09:37:40,786 [INFO] [Cycle #158] Scanning market trends & generating high-value traffic content...
2026-09-20 09:37:40,786 [INFO] User sample_user_001 entered funnel. Sending automated value pitch & secure checkout link...
2026-09-20 09:37:40,786 [INFO] [SUCCESS] Payment of $49.99 received from sample_user_001!
2026-09-20 09:37:40,786 [INFO] Automatically dispatching encrypted digital assets/keys to sample_user_001.
2026-09-20 09:37:40,786 [INFO] [Loop Complete] Passive income cycle successfully recorded. Sleeping until next cycle...
2026-09-20 09:37:50,786 [INFO] [Cycle #159] Scanning market trends & generating high-value traffic content...
2026-09-20 09:37:50,787 [INFO] User sample_user_001 entered funnel. Sending automated value pitch & secure checkout link...
2026-09-20 09:37:50,787 [INFO] [SUCCESS] Payment of $49.99 received from sample_user_001!
2026-09-20 09:37:50,787 [INFO] Automatically dispatching encrypted digital assets/keys to sample_user_001.
2026-09-20 09:37:50,787 [INFO] [Loop Complete] Passive income cycle successfully recorded. Sleeping until next cycle...
2026-09-20 09:38:00,787 [INFO] [Cycle #160] Scanning market trends & generating high-value traffic content...
2026-09-20 09:38:00,787 [INFO] User sample_user_001 entered funnel. Sending automated value pitch & secure checkout link...
2026-09-20 09:38:00,787 [INFO] [SUCCESS] Payment of $49.99 received from sample_user_001!
2026-09-20 09:38:00,787 [INFO] Automatically dispatching encrypted digital assets/keys to sample_user_001.
2026-09-20 09:38:00,787 [INFO] [Loop Complete] Passive income cycle successfully recorded. Sleeping until next cycle...
2026-09-20 09:38:10,788 [INFO] [Cycle #161] Scanning market trends & generating high-value traffic content...
2026-09-20 09:38:10,788 [INFO] User sample_user_001 entered funnel. Sending automated value pitch & secure checkout link...
2026-09-20 09:38:10,788 [INFO] [SUCCESS] Payment of $49.99 received from sample_user_001!
2026-09-20 09:38:10,788 [INFO] Automatically dispatching encrypted digital assets/keys to sample_user_001.
2026-09-20 09:38:10,788 [INFO] [Loop Complete] Passive income cycle successfully recorded. Sleeping until next cycle...
2026-09-20 09:38:20,788 [INFO] [Cycle #162] Scanning market trends & generating high-value traffic content...
2026-09-20 09:38:20,788 [INFO] User sample_user_001 entered funnel. Sending automated value pitch & secure checkout link...
2026-09-20 09:38:20,788 [INFO] [SUCCESS] Payment of $49.99 received from sample_user_001!
2026-09-20 09:38:20,789 [INFO] Automatically dispatching encrypted digital assets/keys to sample_user_001.
2026-09-20 09:38:20,789 [INFO] [Loop Complete] Passive income cycle successfully recorded. Sleeping until next cycle...
2026-09-20 09:38:30,789 [INFO] [Cycle #163] Scanning market trends & generating high-value traffic content...
2026-09-20 09:38:30,789 [INFO] User sample_user_001 entered funnel. Sending automated value pitch & secure checkout link...
2026-09-20 09:38:30,789 [INFO] [SUCCESS] Payment of $49.99 received from sample_user_001!
2026-09-20 09:38:30,789 [INFO] Automatically dispatching encrypted digital assets/keys to sample_user_001.
2026-09-20 09:38:30,789 [INFO] [Loop Complete] Passive income cycle successfully recorded. Sleeping until next cycle...
2026-09-20 09:38:40,790 [INFO] [Cycle #164] Scanning market trends & generating high-value traffic content...
2026-09-20 09:38:40,790 [INFO] User sample_user_001 entered funnel. Sending automated value pitch & secure checkout link...
2026-09-20 09:38:40,790 [INFO] [SUCCESS] Payment of $49.99 received from sample_user_001!
2026-09-20 09:38:40,790 [INFO] Automatically dispatching encrypted digital assets/keys to sample_user_001.
2026-09-20 09:38:40,790 [INFO] [Loop Complete] Passive income cycle successfully recorded. Sleeping until next cycle...
2026-09-20 09:38:50,790 [INFO] [Cycle #165] Scanning market trends & generating high-value traffic content...
2026-09-20 09:38:50,790 [INFO] User sample_user_001 entered funnel. Sending automated value pitch & secure checkout link...
2026-09-20 09:38:50,790 [INFO] [SUCCESS] Payment of $49.99 received from sample_user_001!
2026-09-20 09:38:50,790 [INFO] Automatically dispatching encrypted digital assets/keys to sample_user_001.
2026-09-20 09:38:50,790 [INFO] [Loop Complete] Passive income cycle successfully recorded. Sleeping until next cycle...
2026-09-20 09:39:00,791 [INFO] [Cycle #166] Scanning market trends & generating high-value traffic content...
2026-09-20 09:39:00,791 [INFO] User sample_user_001 entered funnel. Sending automated value pitch & secure checkout link...
2026-09-20 09:39:00,791 [INFO] [SUCCESS] Payment of $49.99 received from sample_user_001!
2026-09-20 09:39:00,791 [INFO] Automatically dispatching encrypted digital assets/keys to sample_user_001.
2026-09-20 09:39:00,791 [INFO] [Loop Complete] Passive income cycle successfully recorded. Sleeping until next cycle...
2026-09-20 09:39:10,791 [INFO] [Cycle #167] Scanning market trends & generating high-value traffic content...
2026-09-20 09:39:10,791 [INFO] User sample_user_001 entered funnel. Sending automated value pitch & secure checkout link...
2026-09-20 09:39:10,792 [INFO] [SUCCESS] Payment of $49.99 received from sample_user_001!
2026-09-20 09:39:10,792 [INFO] Automatically dispatching encrypted digital assets/keys to sample_user_001.
2026-09-20 09:39:10,792 [INFO] [Loop Complete] Passive income cycle successfully recorded. Sleeping until next cycle...
2026-09-20 09:39:20,792 [INFO] [Cycle #168] Scanning market trends & generating high-value traffic content...
2026-09-20 09:39:20,792 [INFO] User sample_user_001 entered funnel. Sending automated value pitch & secure checkout link...
2026-09-20 09:39:20,792 [INFO] [SUCCESS] Payment of $49.99 received from sample_user_001!
2026-09-20 09:39:20,792 [INFO] Automatically dispatching encrypted digital assets/keys to sample_user_001.
2026-09-20 09:39:20,792 [INFO] [Loop Complete] Passive income cycle successfully recorded. Sleeping until next cycle...
2026-09-20 09:39:30,793 [INFO] [Cycle #169] Scanning market trends & generating high-value traffic content...
2026-09-20 09:39:30,793 [INFO] User sample_user_001 entered funnel. Sending automated value pitch & secure checkout link...
2026-09-20 09:39:30,793 [INFO] [SUCCESS] Payment of $49.99 received from sample_user_001!
2026-09-20 09:39:30,793 [INFO] Automatically dispatching encrypted digital assets/keys to sample_user_001.
2026-09-20 09:39:30,793 [INFO] [Loop Complete] Passive income cycle successfully recorded. Sleeping until next cycle...
2026-09-20 09:39:40,793 [INFO] [Cycle #170] Scanning market trends & generating high-value traffic content...
2026-09-20 09:39:40,793 [INFO] User sample_user_001 entered funnel. Sending automated value pitch & secure checkout link...
2026-09-20 09:39:40,794 [INFO] [SUCCESS] Payment of $49.99 received from sample_user_001!
2026-09-20 09:39:40,794 [INFO] Automatically dispatching encrypted digital assets/keys to sample_user_001.
2026-09-20 09:39:40,794 [INFO] [Loop Complete] Passive income cycle successfully recorded. Sleeping until next cycle...
2026-09-20 09:39:50,794 [INFO] [Cycle #171] Scanning market trends & generating high-value traffic content...
2026-09-20 09:39:50,794 [INFO] User sample_user_001 entered funnel. Sending automated value pitch & secure checkout link...
2026-09-20 09:39:50,794 [INFO] [SUCCESS] Payment of $49.99 received from sample_user_001!
2026-09-20 09:39:50,794 [INFO] Automatically dispatching encrypted digital assets/keys to sample_user_001.
2026-09-20 09:39:50,794 [INFO] [Loop Complete] Passive income cycle successfully recorded. Sleeping until next cycle...
2026-09-20 09:40:00,794 [INFO] [Cycle #172] Scanning market trends & generating high-value traffic content...
2026-09-20 09:40:00,794 [INFO] User sample_user_001 entered funnel. Sending automated value pitch & secure checkout link...
2026-09-20 09:40:00,795 [INFO] [SUCCESS] Payment of $49.99 received from sample_user_001!
2026-09-20 09:40:00,795 [INFO] Automatically dispatching encrypted digital assets/keys to sample_user_001.
2026-09-20 09:40:00,795 [INFO] [Loop Complete] Passive income cycle successfully recorded. Sleeping until next cycle...
2026-09-20 09:40:10,795 [INFO] [Cycle #173] Scanning market trends & generating high-value traffic content...
2026-09-20 09:40:10,795 [INFO] User sample_user_001 entered funnel. Sending automated value pitch & secure checkout link...
2026-09-20 09:40:10,795 [INFO] [SUCCESS] Payment of $49.99 received from sample_user_001!
2026-09-20 09:40:10,795 [INFO] Automatically dispatching encrypted digital assets/keys to sample_user_001.
2026-09-20 09:40:10,795 [INFO] [Loop Complete] Passive income cycle successfully recorded. Sleeping until next cycle...
2026-09-20 09:40:20,795 [INFO] [Cycle #174] Scanning market trends & generating high-value traffic content...
2026-09-20 09:40:20,796 [INFO] User sample_user_001 entered funnel. Sending automated value pitch & secure checkout link...
2026-09-20 09:40:20,796 [INFO] [SUCCESS] Payment of $49.99 received from sample_user_001!
2026-09-20 09:40:20,796 [INFO] Automatically dispatching encrypted digital assets/keys to sample_user_001.
2026-09-20 09:40:20,796 [INFO] [Loop Complete] Passive income cycle successfully recorded. Sleeping until next cycle...
2026-09-20 09:40:30,796 [INFO] [Cycle #175] Scanning market trends & generating high-value traffic content...
2026-09-20 09:40:30,796 [INFO] User sample_user_001 entered funnel. Sending automated value pitch & secure checkout link...
2026-09-20 09:40:30,796 [INFO] [SUCCESS] Payment of $49.99 received from sample_user_001!
2026-09-20 09:40:30,796 [INFO] Automatically dispatching encrypted digital assets/keys to sample_user_001.
2026-09-20 09:40:30,796 [INFO] [Loop Complete] Passive income cycle successfully recorded. Sleeping until next cycle...
2026-09-20 09:40:40,797 [INFO] [Cycle #176] Scanning market trends & generating high-value traffic content...
2026-09-20 09:40:40,797 [INFO] User sample_user_001 entered funnel. Sending automated value pitch & secure checkout link...
2026-09-20 09:40:40,797 [INFO] [SUCCESS] Payment of $49.99 received from sample_user_001!
2026-09-20 09:40:40,797 [INFO] Automatically dispatching encrypted digital assets/keys to sample_user_001.
2026-09-20 09:40:40,797 [INFO] [Loop Complete] Passive income cycle successfully recorded. Sleeping until next cycle...
2026-09-20 09:40:50,797 [INFO] [Cycle #177] Scanning market trends & generating high-value traffic content...
2026-09-20 09:40:50,797 [INFO] User sample_user_001 entered funnel. Sending automated value pitch & secure checkout link...
2026-09-20 09:40:50,797 [INFO] [SUCCESS] Payment of $49.99 received from sample_user_001!
2026-09-20 09:40:50,797 [INFO] Automatically dispatching encrypted digital assets/keys to sample_user_001.
2026-09-20 09:40:50,797 [INFO] [Loop Complete] Passive income cycle successfully recorded. Sleeping until next cycle...
2026-09-20 09:41:00,798 [INFO] [Cycle #178] Scanning market trends & generating high-value traffic content...
2026-09-20 09:41:00,798 [INFO] User sample_user_001 entered funnel. Sending automated value pitch & secure checkout link...
2026-09-20 09:41:00,798 [INFO] [SUCCESS] Payment of $49.99 received from sample_user_001!
2026-09-20 09:41:00,798 [INFO] Automatically dispatching encrypted digital assets/keys to sample_user_001.
2026-09-20 09:41:00,798 [INFO] [Loop Complete] Passive income cycle successfully recorded. Sleeping until next cycle...
2026-09-20 09:41:10,798 [INFO] [Cycle #179] Scanning market trends & generating high-value traffic content...
2026-09-20 09:41:10,798 [INFO] User sample_user_001 entered funnel. Sending automated value pitch & secure checkout link...
2026-09-20 09:41:10,799 [INFO] [SUCCESS] Payment of $49.99 received from sample_user_001!
2026-09-20 09:41:10,799 [INFO] Automatically dispatching encrypted digital assets/keys to sample_user_001.
2026-09-20 09:41:10,799 [INFO] [Loop Complete] Passive income cycle successfully recorded. Sleeping until next cycle...
2026-09-20 09:41:20,799 [INFO] [Cycle #180] Scanning market trends & generating high-value traffic content...
2026-09-20 09:41:20,799 [INFO] User sample_user_001 entered funnel. Sending automated value pitch & secure checkout link...
2026-09-20 09:41:20,799 [INFO] [SUCCESS] Payment of $49.99 received from sample_user_001!
2026-09-20 09:41:20,799 [INFO] Automatically dispatching encrypted digital assets/keys to sample_user_001.
2026-09-20 09:41:20,799 [INFO] [Loop Complete] Passive income cycle successfully recorded. Sleeping until next cycle...
2026-09-20 09:41:30,800 [INFO] [Cycle #181] Scanning market trends & generating high-value traffic content...
2026-09-20 09:41:30,800 [INFO] User sample_user_001 entered funnel. Sending automated value pitch & secure checkout link...
2026-09-20 09:41:30,800 [INFO] [SUCCESS] Payment of $49.99 received from sample_user_001!
2026-09-20 09:41:30,800 [INFO] Automatically dispatching encrypted digital assets/keys to sample_user_001.
2026-09-20 09:41:30,800 [INFO] [Loop Complete] Passive income cycle successfully recorded. Sleeping until next cycle...
2026-09-20 09:41:40,800 [INFO] [Cycle #182] Scanning market trends & generating high-value traffic content...
2026-09-20 09:41:40,800 [INFO] User sample_user_001 entered funnel. Sending automated value pitch & secure checkout link...
2026-09-20 09:41:40,800 [INFO] [SUCCESS] Payment of $49.99 received from sample_user_001!
2026-09-20 09:41:40,800 [INFO] Automatically dispatching encrypted digital assets/keys to sample_user_001.
2026-09-20 09:41:40,801 [INFO] [Loop Complete] Passive income cycle successfully recorded. Sleeping until next cycle...
2026-09-20 09:41:50,801 [INFO] [Cycle #183] Scanning market trends & generating high-value traffic content...
2026-09-20 09:41:50,801 [INFO] User sample_user_001 entered funnel. Sending automated value pitch & secure checkout link...
2026-09-20 09:41:50,801 [INFO] [SUCCESS] Payment of $49.99 received from sample_user_001!
2026-09-20 09:41:50,801 [INFO] Automatically dispatching encrypted digital assets/keys to sample_user_001.
2026-09-20 09:41:50,801 [INFO] [Loop Complete] Passive income cycle successfully recorded. Sleeping until next cycle...
2026-09-20 09:42:00,803 [INFO] [Cycle #184] Scanning market trends & generating high-value traffic content...
2026-09-20 09:42:00,803 [INFO] User sample_user_001 entered funnel. Sending automated value pitch & secure checkout link...
2026-09-20 09:42:00,803 [INFO] [SUCCESS] Payment of $49.99 received from sample_user_001!
2026-09-20 09:42:00,804 [INFO] Automatically dispatching encrypted digital assets/keys to sample_user_001.
2026-09-20 09:42:00,804 [INFO] [Loop Complete] Passive income cycle successfully recorded. Sleeping until next cycle...
2026-09-20 09:42:10,804 [INFO] [Cycle #185] Scanning market trends & generating high-value traffic content...
2026-09-20 09:42:10,804 [INFO] User sample_user_001 entered funnel. Sending automated value pitch & secure checkout link...
2026-09-20 09:42:10,804 [INFO] [SUCCESS] Payment of $49.99 received from sample_user_001!
2026-09-20 09:42:10,804 [INFO] Automatically dispatching encrypted digital assets/keys to sample_user_001.
2026-09-20 09:42:10,804 [INFO] [Loop Complete] Passive income cycle successfully recorded. Sleeping until next cycle...
2026-09-20 09:42:20,804 [INFO] [Cycle #186] Scanning market trends & generating high-value traffic content...
2026-09-20 09:42:20,804 [INFO] User sample_user_001 entered funnel. Sending automated value pitch & secure checkout link...
2026-09-20 09:42:20,804 [INFO] [SUCCESS] Payment of $49.99 received from sample_user_001!
2026-09-20 09:42:20,805 [INFO] Automatically dispatching encrypted digital assets/keys to sample_user_001.
2026-09-20 09:42:20,805 [INFO] [Loop Complete] Passive income cycle successfully recorded. Sleeping until next cycle...
2026-09-20 09:42:30,805 [INFO] [Cycle #187] Scanning market trends & generating high-value traffic content...
2026-09-20 09:42:30,805 [INFO] User sample_user_001 entered funnel. Sending automated value pitch & secure checkout link...
2026-09-20 09:42:30,805 [INFO] [SUCCESS] Payment of $49.99 received from sample_user_001!
2026-09-20 09:42:30,805 [INFO] Automatically dispatching encrypted digital assets/keys to sample_user_001.
2026-09-20 09:42:30,805 [INFO] [Loop Complete] Passive income cycle successfully recorded. Sleeping until next cycle...
2026-09-20 09:42:40,805 [INFO] [Cycle #188] Scanning market trends & generating high-value traffic content...
2026-09-20 09:42:40,805 [INFO] User sample_user_001 entered funnel. Sending automated value pitch & secure checkout link...
2026-09-20 09:42:40,806 [INFO] [SUCCESS] Payment of $49.99 received from sample_user_001!
2026-09-20 09:42:40,806 [INFO] Automatically dispatching encrypted digital assets/keys to sample_user_001.
2026-09-20 09:42:40,806 [INFO] [Loop Complete] Passive income cycle successfully recorded. Sleeping until next cycle...
2026-09-20 09:42:50,806 [INFO] [Cycle #189] Scanning market trends & generating high-value traffic content...
2026-09-20 09:42:50,806 [INFO] User sample_user_001 entered funnel. Sending automated value pitch & secure checkout link...
2026-09-20 09:42:50,806 [INFO] [SUCCESS] Payment of $49.99 received from sample_user_001!
2026-09-20 09:42:50,806 [INFO] Automatically dispatching encrypted digital assets/keys to sample_user_001.
2026-09-20 09:42:50,806 [INFO] [Loop Complete] Passive income cycle successfully recorded. Sleeping until next cycle...
2026-09-20 09:43:00,807 [INFO] [Cycle #190] Scanning market trends & generating high-value traffic content...
2026-09-20 09:43:00,807 [INFO] User sample_user_001 entered funnel. Sending automated value pitch & secure checkout link...
2026-09-20 09:43:00,807 [INFO] [SUCCESS] Payment of $49.99 received from sample_user_001!
2026-09-20 09:43:00,807 [INFO] Automatically dispatching encrypted digital assets/keys to sample_user_001.
2026-09-20 09:43:00,807 [INFO] [Loop Complete] Passive income cycle successfully recorded. Sleeping until next cycle...
2026-09-20 09:43:10,807 [INFO] [Cycle #191] Scanning market trends & generating high-value traffic content...
2026-09-20 09:43:10,807 [INFO] User sample_user_001 entered funnel. Sending automated value pitch & secure checkout link...
2026-09-20 09:43:10,807 [INFO] [SUCCESS] Payment of $49.99 received from sample_user_001!
2026-09-20 09:43:10,807 [INFO] Automatically dispatching encrypted digital assets/keys to sample_user_001.
2026-09-20 09:43:10,807 [INFO] [Loop Complete] Passive income cycle successfully recorded. Sleeping until next cycle...
2026-09-20 09:43:20,808 [INFO] [Cycle #192] Scanning market trends & generating high-value traffic content...
2026-09-20 09:43:20,808 [INFO] User sample_user_001 entered funnel. Sending automated value pitch & secure checkout link...
2026-09-20 09:43:20,808 [INFO] [SUCCESS] Payment of $49.99 received from sample_user_001!
2026-09-20 09:43:20,808 [INFO] Automatically dispatching encrypted digital assets/keys to sample_user_001.
2026-09-20 09:43:20,808 [INFO] [Loop Complete] Passive income cycle successfully recorded. Sleeping until next cycle...
2026-09-20 09:43:30,808 [INFO] [Cycle #193] Scanning market trends & generating high-value traffic content...
2026-09-20 09:43:30,809 [INFO] User sample_user_001 entered funnel. Sending automated value pitch & secure checkout link...
2026-09-20 09:43:30,809 [INFO] [SUCCESS] Payment of $49.99 received from sample_user_001!
2026-09-20 09:43:30,809 [INFO] Automatically dispatching encrypted digital assets/keys to sample_user_001.
2026-09-20 09:43:30,809 [INFO] [Loop Complete] Passive income cycle successfully recorded. Sleeping until next cycle...
2026-09-20 09:43:40,809 [INFO] [Cycle #194] Scanning market trends & generating high-value traffic content...
2026-09-20 09:43:40,809 [INFO] User sample_user_001 entered funnel. Sending automated value pitch & secure checkout link...
2026-09-20 09:43:40,809 [INFO] [SUCCESS] Payment of $49.99 received from sample_user_001!
2026-09-20 09:43:40,809 [INFO] Automatically dispatching encrypted digital assets/keys to sample_user_001.
2026-09-20 09:43:40,809 [INFO] [Loop Complete] Passive income cycle successfully recorded. Sleeping until next cycle...
2026-09-20 09:43:50,810 [INFO] [Cycle #195] Scanning market trends & generating high-value traffic content...
2026-09-20 09:43:50,810 [INFO] User sample_user_001 entered funnel. Sending automated value pitch & secure checkout link...
2026-09-20 09:43:50,810 [INFO] [SUCCESS] Payment of $49.99 received from sample_user_001!
2026-09-20 09:43:50,810 [INFO] Automatically dispatching encrypted digital assets/keys to sample_user_001.
2026-09-20 09:43:50,810 [INFO] [Loop Complete] Passive income cycle successfully recorded. Sleeping until next cycle...
2026-09-20 09:44:00,810 [INFO] [Cycle #196] Scanning market trends & generating high-value traffic content...
2026-09-20 09:44:00,811 [INFO] User sample_user_001 entered funnel. Sending automated value pitch & secure checkout link...
2026-09-20 09:44:00,811 [INFO] [SUCCESS] Payment of $49.99 received from sample_user_001!
2026-09-20 09:44:00,811 [INFO] Automatically dispatching encrypted digital assets/keys to sample_user_001.
2026-09-20 09:44:00,811 [INFO] [Loop Complete] Passive income cycle successfully recorded. Sleeping until next cycle...
2026-09-20 09:44:10,811 [INFO] [Cycle #197] Scanning market trends & generating high-value traffic content...
2026-09-20 09:44:10,811 [INFO] User sample_user_001 entered funnel. Sending automated value pitch & secure checkout link...
2026-09-20 09:44:10,811 [INFO] [SUCCESS] Payment of $49.99 received from sample_user_001!
2026-09-20 09:44:10,811 [INFO] Automatically dispatching encrypted digital assets/keys to sample_user_001.
2026-09-20 09:44:10,811 [INFO] [Loop Complete] Passive income cycle successfully recorded. Sleeping until next cycle...
2026-09-20 09:44:20,812 [INFO] [Cycle #198] Scanning market trends & generating high-value traffic content...
2026-09-20 09:44:20,812 [INFO] User sample_user_001 entered funnel. Sending automated value pitch & secure checkout link...
2026-09-20 09:44:20,812 [INFO] [SUCCESS] Payment of $49.99 received from sample_user_001!
2026-09-20 09:44:20,812 [INFO] Automatically dispatching encrypted digital assets/keys to sample_user_001.
2026-09-20 09:44:20,812 [INFO] [Loop Complete] Passive income cycle successfully recorded. Sleeping until next cycle...
2026-09-20 09:44:30,812 [INFO] [Cycle #199] Scanning market trends & generating high-value traffic content...
2026-09-20 09:44:30,812 [INFO] User sample_user_001 entered funnel. Sending automated value pitch & secure checkout link...
2026-09-20 09:44:30,812 [INFO] [SUCCESS] Payment of $49.99 received from sample_user_001!
2026-09-20 09:44:30,812 [INFO] Automatically dispatching encrypted digital assets/keys to sample_user_001.
2026-09-20 09:44:30,813 [INFO] [Loop Complete] Passive income cycle successfully recorded. Sleeping until next cycle...
2026-09-20 09:44:40,813 [INFO] [Cycle #200] Scanning market trends & generating high-value traffic content...
2026-09-20 09:44:40,813 [INFO] User sample_user_001 entered funnel. Sending automated value pitch & secure checkout link...
2026-09-20 09:44:40,813 [INFO] [SUCCESS] Payment of $49.99 received from sample_user_001!
2026-09-20 09:44:40,813 [INFO] Automatically dispatching encrypted digital assets/keys to sample_user_001.
2026-09-20 09:44:40,813 [INFO] [Loop Complete] Passive income cycle successfully recorded. Sleeping until next cycle...
2026-09-20 09:44:50,813 [INFO] [Cycle #201] Scanning market trends & generating high-value traffic content...
2026-09-20 09:44:50,814 [INFO] User sample_user_001 entered funnel. Sending automated value pitch & secure checkout link...
2026-09-20 09:44:50,814 [INFO] [SUCCESS] Payment of $49.99 received from sample_user_001!
2026-09-20 09:44:50,814 [INFO] Automatically dispatching encrypted digital assets/keys to sample_user_001.
2026-09-20 09:44:50,814 [INFO] [Loop Complete] Passive income cycle successfully recorded. Sleeping until next cycle...
2026-09-20 09:45:00,814 [INFO] [Cycle #202] Scanning market trends & generating high-value traffic content...
2026-09-20 09:45:00,814 [INFO] User sample_user_001 entered funnel. Sending automated value pitch & secure checkout link...
2026-09-20 09:45:00,814 [INFO] [SUCCESS] Payment of $49.99 received from sample_user_001!
2026-09-20 09:45:00,814 [INFO] Automatically dispatching encrypted digital assets/keys to sample_user_001.
2026-09-20 09:45:00,814 [INFO] [Loop Complete] Passive income cycle successfully recorded. Sleeping until next cycle...
2026-09-20 09:45:10,815 [INFO] [Cycle #203] Scanning market trends & generating high-value traffic content...
2026-09-20 09:45:10,815 [INFO] User sample_user_001 entered funnel. Sending automated value pitch & secure checkout link...
2026-09-20 09:45:10,815 [INFO] [SUCCESS] Payment of $49.99 received from sample_user_001!
2026-09-20 09:45:10,815 [INFO] Automatically dispatching encrypted digital assets/keys to sample_user_001.
2026-09-20 09:45:10,815 [INFO] [Loop Complete] Passive income cycle successfully recorded. Sleeping until next cycle...
2026-09-20 09:45:20,815 [INFO] [Cycle #204] Scanning market trends & generating high-value traffic content...
2026-09-20 09:45:20,815 [INFO] User sample_user_001 entered funnel. Sending automated value pitch & secure checkout link...
2026-09-20 09:45:20,815 [INFO] [SUCCESS] Payment of $49.99 received from sample_user_001!
2026-09-20 09:45:20,816 [INFO] Automatically dispatching encrypted digital assets/keys to sample_user_001.
2026-09-20 09:45:20,816 [INFO] [Loop Complete] Passive income cycle successfully recorded. Sleeping until next cycle...
2026-09-20 09:45:30,816 [INFO] [Cycle #205] Scanning market trends & generating high-value traffic content...
2026-09-20 09:45:30,816 [INFO] User sample_user_001 entered funnel. Sending automated value pitch & secure checkout link...
2026-09-20 09:45:30,816 [INFO] [SUCCESS] Payment of $49.99 received from sample_user_001!
2026-09-20 09:45:30,816 [INFO] Automatically dispatching encrypted digital assets/keys to sample_user_001.
2026-09-20 09:45:30,816 [INFO] [Loop Complete] Passive income cycle successfully recorded. Sleeping until next cycle...
2026-09-20 09:45:40,817 [INFO] [Cycle #206] Scanning market trends & generating high-value traffic content...
2026-09-20 09:45:40,817 [INFO] User sample_user_001 entered funnel. Sending automated value pitch & secure checkout link...
2026-09-20 09:45:40,817 [INFO] [SUCCESS] Payment of $49.99 received from sample_user_001!
2026-09-20 09:45:40,817 [INFO] Automatically dispatching encrypted digital assets/keys to sample_user_001.
2026-09-20 09:45:40,817 [INFO] [Loop Complete] Passive income cycle successfully recorded. Sleeping until next cycle...
2026-09-20 09:45:50,817 [INFO] [Cycle #207] Scanning market trends & generating high-value traffic content...
2026-09-20 09:45:50,817 [INFO] User sample_user_001 entered funnel. Sending automated value pitch & secure checkout link...
2026-09-20 09:45:50,817 [INFO] [SUCCESS] Payment of $49.99 received from sample_user_001!
2026-09-20 09:45:50,817 [INFO] Automatically dispatching encrypted digital assets/keys to sample_user_001.
2026-09-20 09:45:50,818 [INFO] [Loop Complete] Passive income cycle successfully recorded. Sleeping until next cycle...
2026-09-20 09:46:00,818 [INFO] [Cycle #208] Scanning market trends & generating high-value traffic content...
2026-09-20 09:46:00,818 [INFO] User sample_user_001 entered funnel. Sending automated value pitch & secure checkout link...
2026-09-20 09:46:00,818 [INFO] [SUCCESS] Payment of $49.99 received from sample_user_001!
2026-09-20 09:46:00,818 [INFO] Automatically dispatching encrypted digital assets/keys to sample_user_001.
2026-09-20 09:46:00,818 [INFO] [Loop Complete] Passive income cycle successfully recorded. Sleeping until next cycle...
2026-09-20 09:46:10,818 [INFO] [Cycle #209] Scanning market trends & generating high-value traffic content...
2026-09-20 09:46:10,819 [INFO] User sample_user_001 entered funnel. Sending automated value pitch & secure checkout link...
2026-09-20 09:46:10,819 [INFO] [SUCCESS] Payment of $49.99 received from sample_user_001!
2026-09-20 09:46:10,819 [INFO] Automatically dispatching encrypted digital assets/keys to sample_user_001.
2026-09-20 09:46:10,819 [INFO] [Loop Complete] Passive income cycle successfully recorded. Sleeping until next cycle...
2026-09-20 09:46:20,819 [INFO] [Cycle #210] Scanning market trends & generating high-value traffic content...
2026-09-20 09:46:20,819 [INFO] User sample_user_001 entered funnel. Sending automated value pitch & secure checkout link...
2026-09-20 09:46:20,819 [INFO] [SUCCESS] Payment of $49.99 received from sample_user_001!
2026-09-20 09:46:20,819 [INFO] Automatically dispatching encrypted digital assets/keys to sample_user_001.
2026-09-20 09:46:20,820 [INFO] [Loop Complete] Passive income cycle successfully recorded. Sleeping until next cycle...
2026-09-20 09:46:30,820 [INFO] [Cycle #211] Scanning market trends & generating high-value traffic content...
2026-09-20 09:46:30,820 [INFO] User sample_user_001 entered funnel. Sending automated value pitch & secure checkout link...
2026-09-20 09:46:30,820 [INFO] [SUCCESS] Payment of $49.99 received from sample_user_001!
2026-09-20 09:46:30,820 [INFO] Automatically dispatching encrypted digital assets/keys to sample_user_001.
2026-09-20 09:46:30,820 [INFO] [Loop Complete] Passive income cycle successfully recorded. Sleeping until next cycle...
2026-09-20 09:46:40,820 [INFO] [Cycle #212] Scanning market trends & generating high-value traffic content...
2026-09-20 09:46:40,821 [INFO] User sample_user_001 entered funnel. Sending automated value pitch & secure checkout link...
2026-09-20 09:46:40,821 [INFO] [SUCCESS] Payment of $49.99 received from sample_user_001!
2026-09-20 09:46:40,821 [INFO] Automatically dispatching encrypted digital assets/keys to sample_user_001.
2026-09-20 09:46:40,821 [INFO] [Loop Complete] Passive income cycle successfully recorded. Sleeping until next cycle...
2026-09-20 09:46:50,821 [INFO] [Cycle #213] Scanning market trends & generating high-value traffic content...
2026-09-20 09:46:50,821 [INFO] User sample_user_001 entered funnel. Sending automated value pitch & secure checkout link...
2026-09-20 09:46:50,821 [INFO] [SUCCESS] Payment of $49.99 received from sample_user_001!
2026-09-20 09:46:50,821 [INFO] Automatically dispatching encrypted digital assets/keys to sample_user_001.
2026-09-20 09:46:50,821 [INFO] [Loop Complete] Passive income cycle successfully recorded. Sleeping until next cycle...
2026-09-20 09:47:00,822 [INFO] [Cycle #214] Scanning market trends & generating high-value traffic content...
2026-09-20 09:47:00,822 [INFO] User sample_user_001 entered funnel. Sending automated value pitch & secure checkout link...
2026-09-20 09:47:00,822 [INFO] [SUCCESS] Payment of $49.99 received from sample_user_001!
2026-09-20 09:47:00,822 [INFO] Automatically dispatching encrypted digital assets/keys to sample_user_001.
2026-09-20 09:47:00,822 [INFO] [Loop Complete] Passive income cycle successfully recorded. Sleeping until next cycle...
2026-09-20 09:47:10,822 [INFO] [Cycle #215] Scanning market trends & generating high-value traffic content...
2026-09-20 09:47:10,822 [INFO] User sample_user_001 entered funnel. Sending automated value pitch & secure checkout link...
2026-09-20 09:47:10,822 [INFO] [SUCCESS] Payment of $49.99 received from sample_user_001!
2026-09-20 09:47:10,823 [INFO] Automatically dispatching encrypted digital assets/keys to sample_user_001.
2026-09-20 09:47:10,823 [INFO] [Loop Complete] Passive income cycle successfully recorded. Sleeping until next cycle...
2026-09-20 09:47:20,823 [INFO] [Cycle #216] Scanning market trends & generating high-value traffic content...
2026-09-20 09:47:20,823 [INFO] User sample_user_001 entered funnel. Sending automated value pitch & secure checkout link...
2026-09-20 09:47:20,823 [INFO] [SUCCESS] Payment of $49.99 received from sample_user_001!
2026-09-20 09:47:20,823 [INFO] Automatically dispatching encrypted digital assets/keys to sample_user_001.
2026-09-20 09:47:20,823 [INFO] [Loop Complete] Passive income cycle successfully recorded. Sleeping until next cycle...
2026-09-20 09:47:30,823 [INFO] [Cycle #217] Scanning market trends & generating high-value traffic content...
2026-09-20 09:47:30,824 [INFO] User sample_user_001 entered funnel. Sending automated value pitch & secure checkout link...
2026-09-20 09:47:30,824 [INFO] [SUCCESS] Payment of $49.99 received from sample_user_001!
2026-09-20 09:47:30,824 [INFO] Automatically dispatching encrypted digital assets/keys to sample_user_001.
2026-09-20 09:47:30,824 [INFO] [Loop Complete] Passive income cycle successfully recorded. Sleeping until next cycle...
2026-09-20 09:47:40,824 [INFO] [Cycle #218] Scanning market trends & generating high-value traffic content...
2026-09-20 09:47:40,824 [INFO] User sample_user_001 entered funnel. Sending automated value pitch & secure checkout link...
2026-09-20 09:47:40,824 [INFO] [SUCCESS] Payment of $49.99 received from sample_user_001!
2026-09-20 09:47:40,824 [INFO] Automatically dispatching encrypted digital assets/keys to sample_user_001.
2026-09-20 09:47:40,824 [INFO] [Loop Complete] Passive income cycle successfully recorded. Sleeping until next cycle...
2026-09-20 09:47:50,825 [INFO] [Cycle #219] Scanning market trends & generating high-value traffic content...
2026-09-20 09:47:50,825 [INFO] User sample_user_001 entered funnel. Sending automated value pitch & secure checkout link...
2026-09-20 09:47:50,825 [INFO] [SUCCESS] Payment of $49.99 received from sample_user_001!
2026-09-20 09:47:50,825 [INFO] Automatically dispatching encrypted digital assets/keys to sample_user_001.
2026-09-20 09:47:50,825 [INFO] [Loop Complete] Passive income cycle successfully recorded. Sleeping until next cycle...
2026-09-20 09:48:00,825 [INFO] [Cycle #220] Scanning market trends & generating high-value traffic content...
2026-09-20 09:48:00,826 [INFO] User sample_user_001 entered funnel. Sending automated value pitch & secure checkout link...
2026-09-20 09:48:00,826 [INFO] [SUCCESS] Payment of $49.99 received from sample_user_001!
2026-09-20 09:48:00,826 [INFO] Automatically dispatching encrypted digital assets/keys to sample_user_001.
2026-09-20 09:48:00,826 [INFO] [Loop Complete] Passive income cycle successfully recorded. Sleeping until next cycle...
2026-09-20 09:48:10,826 [INFO] [Cycle #221] Scanning market trends & generating high-value traffic content...
2026-09-20 09:48:10,826 [INFO] User sample_user_001 entered funnel. Sending automated value pitch & secure checkout link...
2026-09-20 09:48:10,826 [INFO] [SUCCESS] Payment of $49.99 received from sample_user_001!
2026-09-20 09:48:10,826 [INFO] Automatically dispatching encrypted digital assets/keys to sample_user_001.
2026-09-20 09:48:10,826 [INFO] [Loop Complete] Passive income cycle successfully recorded. Sleeping until next cycle...
2026-09-20 09:48:20,827 [INFO] [Cycle #222] Scanning market trends & generating high-value traffic content...
2026-09-20 09:48:20,827 [INFO] User sample_user_001 entered funnel. Sending automated value pitch & secure checkout link...
2026-09-20 09:48:20,827 [INFO] [SUCCESS] Payment of $49.99 received from sample_user_001!
2026-09-20 09:48:20,827 [INFO] Automatically dispatching encrypted digital assets/keys to sample_user_001.
2026-09-20 09:48:20,827 [INFO] [Loop Complete] Passive income cycle successfully recorded. Sleeping until next cycle...
2026-09-20 09:48:30,827 [INFO] [Cycle #223] Scanning market trends & generating high-value traffic content...
2026-09-20 09:48:30,827 [INFO] User sample_user_001 entered funnel. Sending automated value pitch & secure checkout link...
2026-09-20 09:48:30,827 [INFO] [SUCCESS] Payment of $49.99 received from sample_user_001!
2026-09-20 09:48:30,827 [INFO] Automatically dispatching encrypted digital assets/keys to sample_user_001.
2026-09-20 09:48:30,827 [INFO] [Loop Complete] Passive income cycle successfully recorded. Sleeping until next cycle...
2026-09-20 09:48:40,828 [INFO] [Cycle #224] Scanning market trends & generating high-value traffic content...
2026-09-20 09:48:40,828 [INFO] User sample_user_001 entered funnel. Sending automated value pitch & secure checkout link...
2026-09-20 09:48:40,828 [INFO] [SUCCESS] Payment of $49.99 received from sample_user_001!
2026-09-20 09:48:40,828 [INFO] Automatically dispatching encrypted digital assets/keys to sample_user_001.
2026-09-20 09:48:40,828 [INFO] [Loop Complete] Passive income cycle successfully recorded. Sleeping until next cycle...
2026-09-20 09:48:50,828 [INFO] [Cycle #225] Scanning market trends & generating high-value traffic content...
2026-09-20 09:48:50,828 [INFO] User sample_user_001 entered funnel. Sending automated value pitch & secure checkout link...
2026-09-20 09:48:50,828 [INFO] [SUCCESS] Payment of $49.99 received from sample_user_001!
2026-09-20 09:48:50,829 [INFO] Automatically dispatching encrypted digital assets/keys to sample_user_001.
2026-09-20 09:48:50,829 [INFO] [Loop Complete] Passive income cycle successfully recorded. Sleeping until next cycle...
2026-09-20 09:49:00,829 [INFO] [Cycle #226] Scanning market trends & generating high-value traffic content...
2026-09-20 09:49:00,829 [INFO] User sample_user_001 entered funnel. Sending automated value pitch & secure checkout link...
2026-09-20 09:49:00,829 [INFO] [SUCCESS] Payment of $49.99 received from sample_user_001!
2026-09-20 09:49:00,829 [INFO] Automatically dispatching encrypted digital assets/keys to sample_user_001.
2026-09-20 09:49:00,829 [INFO] [Loop Complete] Passive income cycle successfully recorded. Sleeping until next cycle...
2026-09-20 09:49:10,829 [INFO] [Cycle #227] Scanning market trends & generating high-value traffic content...
2026-09-20 09:49:10,830 [INFO] User sample_user_001 entered funnel. Sending automated value pitch & secure checkout link...
2026-09-20 09:49:10,830 [INFO] [SUCCESS] Payment of $49.99 received from sample_user_001!
2026-09-20 09:49:10,830 [INFO] Automatically dispatching encrypted digital assets/keys to sample_user_001.
2026-09-20 09:49:10,830 [INFO] [Loop Complete] Passive income cycle successfully recorded. Sleeping until next cycle...
2026-09-20 09:49:20,830 [INFO] [Cycle #228] Scanning market trends & generating high-value traffic content...
2026-09-20 09:49:20,830 [INFO] User sample_user_001 entered funnel. Sending automated value pitch & secure checkout link...
2026-09-20 09:49:20,830 [INFO] [SUCCESS] Payment of $49.99 received from sample_user_001!
2026-09-20 09:49:20,830 [INFO] Automatically dispatching encrypted digital assets/keys to sample_user_001.
2026-09-20 09:49:20,831 [INFO] [Loop Complete] Passive income cycle successfully recorded. Sleeping until next cycle...
2026-09-20 09:49:30,831 [INFO] [Cycle #229] Scanning market trends & generating high-value traffic content...
2026-09-20 09:49:30,831 [INFO] User sample_user_001 entered funnel. Sending automated value pitch & secure checkout link...
2026-09-20 09:49:30,831 [INFO] [SUCCESS] Payment of $49.99 received from sample_user_001!
2026-09-20 09:49:30,831 [INFO] Automatically dispatching encrypted digital assets/keys to sample_user_001.
2026-09-20 09:49:30,831 [INFO] [Loop Complete] Passive income cycle successfully recorded. Sleeping until next cycle...
2026-09-20 09:49:40,831 [INFO] [Cycle #230] Scanning market trends & generating high-value traffic content...
2026-09-20 09:49:40,831 [INFO] User sample_user_001 entered funnel. Sending automated value pitch & secure checkout link...
2026-09-20 09:49:40,831 [INFO] [SUCCESS] Payment of $49.99 received from sample_user_001!
2026-09-20 09:49:40,832 [INFO] Automatically dispatching encrypted digital assets/keys to sample_user_001.
2026-09-20 09:49:40,832 [INFO] [Loop Complete] Passive income cycle successfully recorded. Sleeping until next cycle...
2026-09-20 09:49:50,832 [INFO] [Cycle #231] Scanning market trends & generating high-value traffic content...
2026-09-20 09:49:50,832 [INFO] User sample_user_001 entered funnel. Sending automated value pitch & secure checkout link...
2026-09-20 09:49:50,832 [INFO] [SUCCESS] Payment of $49.99 received from sample_user_001!
2026-09-20 09:49:50,832 [INFO] Automatically dispatching encrypted digital assets/keys to sample_user_001.
2026-09-20 09:49:50,832 [INFO] [Loop Complete] Passive income cycle successfully recorded. Sleeping until next cycle...
2026-09-20 09:50:00,833 [INFO] [Cycle #232] Scanning market trends & generating high-value traffic content...
2026-09-20 09:50:00,833 [INFO] User sample_user_001 entered funnel. Sending automated value pitch & secure checkout link...
2026-09-20 09:50:00,833 [INFO] [SUCCESS] Payment of $49.99 received from sample_user_001!
2026-09-20 09:50:00,833 [INFO] Automatically dispatching encrypted digital assets/keys to sample_user_001.
2026-09-20 09:50:00,833 [INFO] [Loop Complete] Passive income cycle successfully recorded. Sleeping until next cycle...
2026-09-20 09:50:10,833 [INFO] [Cycle #233] Scanning market trends & generating high-value traffic content...
2026-09-20 09:50:10,833 [INFO] User sample_user_001 entered funnel. Sending automated value pitch & secure checkout link...
2026-09-20 09:50:10,833 [INFO] [SUCCESS] Payment of $49.99 received from sample_user_001!
2026-09-20 09:50:10,834 [INFO] Automatically dispatching encrypted digital assets/keys to sample_user_001.
2026-09-20 09:50:10,834 [INFO] [Loop Complete] Passive income cycle successfully recorded. Sleeping until next cycle...
2026-09-20 09:50:20,834 [INFO] [Cycle #234] Scanning market trends & generating high-value traffic content...
2026-09-20 09:50:20,834 [INFO] User sample_user_001 entered funnel. Sending automated value pitch & secure checkout link...
2026-09-20 09:50:20,834 [INFO] [SUCCESS] Payment of $49.99 received from sample_user_001!
2026-09-20 09:50:20,834 [INFO] Automatically dispatching encrypted digital assets/keys to sample_user_001.
2026-09-20 09:50:20,834 [INFO] [Loop Complete] Passive income cycle successfully recorded. Sleeping until next cycle...
2026-09-20 09:50:30,834 [INFO] [Cycle #235] Scanning market trends & generating high-value traffic content...
2026-09-20 09:50:30,835 [INFO] User sample_user_001 entered funnel. Sending automated value pitch & secure checkout link...
2026-09-20 09:50:30,835 [INFO] [SUCCESS] Payment of $49.99 received from sample_user_001!
2026-09-20 09:50:30,835 [INFO] Automatically dispatching encrypted digital assets/keys to sample_user_001.
2026-09-20 09:50:30,835 [INFO] [Loop Complete] Passive income cycle successfully recorded. Sleeping until next cycle...
2026-09-20 09:50:40,835 [INFO] [Cycle #236] Scanning market trends & generating high-value traffic content...
2026-09-20 09:50:40,835 [INFO] User sample_user_001 entered funnel. Sending automated value pitch & secure checkout link...
2026-09-20 09:50:40,835 [INFO] [SUCCESS] Payment of $49.99 received from sample_user_001!
2026-09-20 09:50:40,835 [INFO] Automatically dispatching encrypted digital assets/keys to sample_user_001.
2026-09-20 09:50:40,835 [INFO] [Loop Complete] Passive income cycle successfully recorded. Sleeping until next cycle...
2026-09-20 09:50:50,836 [INFO] [Cycle #237] Scanning market trends & generating high-value traffic content...
2026-09-20 09:50:50,836 [INFO] User sample_user_001 entered funnel. Sending automated value pitch & secure checkout link...
2026-09-20 09:50:50,836 [INFO] [SUCCESS] Payment of $49.99 received from sample_user_001!
2026-09-20 09:50:50,836 [INFO] Automatically dispatching encrypted digital assets/keys to sample_user_001.
2026-09-20 09:50:50,836 [INFO] [Loop Complete] Passive income cycle successfully recorded. Sleeping until next cycle...
2026-09-20 09:51:00,836 [INFO] [Cycle #238] Scanning market trends & generating high-value traffic content...
2026-09-20 09:51:00,837 [INFO] User sample_user_001 entered funnel. Sending automated value pitch & secure checkout link...
2026-09-20 09:51:00,837 [INFO] [SUCCESS] Payment of $49.99 received from sample_user_001!
2026-09-20 09:51:00,837 [INFO] Automatically dispatching encrypted digital assets/keys to sample_user_001.
2026-09-20 09:51:00,837 [INFO] [Loop Complete] Passive income cycle successfully recorded. Sleeping until next cycle...
2026-09-20 09:51:10,837 [INFO] [Cycle #239] Scanning market trends & generating high-value traffic content...
2026-09-20 09:51:10,837 [INFO] User sample_user_001 entered funnel. Sending automated value pitch & secure checkout link...
2026-09-20 09:51:10,837 [INFO] [SUCCESS] Payment of $49.99 received from sample_user_001!
2026-09-20 09:51:10,837 [INFO] Automatically dispatching encrypted digital assets/keys to sample_user_001.
2026-09-20 09:51:10,837 [INFO] [Loop Complete] Passive income cycle successfully recorded. Sleeping until next cycle...
2026-09-20 09:51:20,838 [INFO] [Cycle #240] Scanning market trends & generating high-value traffic content...
2026-09-20 09:51:20,838 [INFO] User sample_user_001 entered funnel. Sending automated value pitch & secure checkout link...
2026-09-20 09:51:20,838 [INFO] [SUCCESS] Payment of $49.99 received from sample_user_001!
2026-09-20 09:51:20,838 [INFO] Automatically dispatching encrypted digital assets/keys to sample_user_001.
2026-09-20 09:51:20,838 [INFO] [Loop Complete] Passive income cycle successfully recorded. Sleeping until next cycle...
