2026-09-20 09:04:31,411 [INFO] Autonomous Empire Daemon initialized. System entering autonomous self-evolution mode.
2026-09-20 09:04:31,411 [INFO] [Evolution Cycle #1] Scanning trending niches...
2026-09-20 09:04:31,412 [INFO] [Self-Update] Funnel conversion logic dynamically optimized for cycle #1.
2026-09-20 09:04:31,412 [INFO] [Background Loop] Generating traffic content, running bot engagement, and monitoring Stripe vault...
2026-09-20 09:04:31,412 [INFO] [Success] Automated digital asset delivered. Passive income recorded.
2026-09-20 09:05:11,427 [INFO] Autonomous Empire Daemon initialized. System entering autonomous self-evolution mode.
2026-09-20 09:05:11,427 [INFO] Daemon running infinitely. Interval: 10 seconds per cycle.
2026-09-20 09:05:11,427 [INFO] [Evolution Cycle #1] Scanning trending niches...
2026-09-20 09:05:11,427 [INFO] [Self-Update] Funnel conversion logic dynamically optimized for cycle #1.
2026-09-20 09:05:11,427 [INFO] [Background Loop] Generating traffic content, running bot engagement, and monitoring Stripe vault...
2026-09-20 09:05:11,427 [INFO] [Success] Automated digital asset delivered. Passive income recorded.
2026-09-20 09:05:21,428 [INFO] [Evolution Cycle #2] Scanning trending niches...
2026-09-20 09:05:21,428 [INFO] [Self-Update] Funnel conversion logic dynamically optimized for cycle #2.
2026-09-20 09:05:21,428 [INFO] [Background Loop] Generating traffic content, running bot engagement, and monitoring Stripe vault...
2026-09-20 09:05:21,428 [INFO] [Success] Automated digital asset delivered. Passive income recorded.
2026-09-20 09:05:31,428 [INFO] [Evolution Cycle #3] Scanning trending niches...
2026-09-20 09:05:31,428 [INFO] [Self-Update] Funnel conversion logic dynamically optimized for cycle #3.
2026-09-20 09:05:31,428 [INFO] [Background Loop] Generating traffic content, running bot engagement, and monitoring Stripe vault...
2026-09-20 09:05:31,429 [INFO] [Success] Automated digital asset delivered. Passive income recorded.
2026-09-20 09:05:41,429 [INFO] [Evolution Cycle #4] Scanning trending niches...
2026-09-20 09:05:41,429 [INFO] [Self-Update] Funnel conversion logic dynamically optimized for cycle #4.
2026-09-20 09:05:41,429 [INFO] [Background Loop] Generating traffic content, running bot engagement, and monitoring Stripe vault...
2026-09-20 09:05:41,429 [INFO] [Success] Automated digital asset delivered. Passive income recorded.
2026-09-20 09:05:51,429 [INFO] [Evolution Cycle #5] Scanning trending niches...
2026-09-20 09:05:51,429 [INFO] [Self-Update] Funnel conversion logic dynamically optimized for cycle #5.
2026-09-20 09:05:51,430 [INFO] [Background Loop] Generating traffic content, running bot engagement, and monitoring Stripe vault...
2026-09-20 09:05:51,430 [INFO] [Success] Automated digital asset delivered. Passive income recorded.
2026-09-20 09:06:01,430 [INFO] [Evolution Cycle #6] Scanning trending niches...
2026-09-20 09:06:01,430 [INFO] [Self-Update] Funnel conversion logic dynamically optimized for cycle #6.
2026-09-20 09:06:01,430 [INFO] [Background Loop] Generating traffic content, running bot engagement, and monitoring Stripe vault...
2026-09-20 09:06:01,430 [INFO] [Success] Automated digital asset delivered. Passive income recorded.
2026-09-20 09:06:11,430 [INFO] [Evolution Cycle #7] Scanning trending niches...
2026-09-20 09:06:11,430 [INFO] [Self-Update] Funnel conversion logic dynamically optimized for cycle #7.
2026-09-20 09:06:11,430 [INFO] [Background Loop] Generating traffic content, running bot engagement, and monitoring Stripe vault...
2026-09-20 09:06:11,431 [INFO] [Success] Automated digital asset delivered. Passive income recorded.
2026-09-20 09:06:21,431 [INFO] [Evolution Cycle #8] Scanning trending niches...
2026-09-20 09:06:21,431 [INFO] [Self-Update] Funnel conversion logic dynamically optimized for cycle #8.
2026-09-20 09:06:21,431 [INFO] [Background Loop] Generating traffic content, running bot engagement, and monitoring Stripe vault...
2026-09-20 09:06:21,431 [INFO] [Success] Automated digital asset delivered. Passive income recorded.
2026-09-20 09:06:31,431 [INFO] [Evolution Cycle #9] Scanning trending niches...
2026-09-20 09:06:31,431 [INFO] [Self-Update] Funnel conversion logic dynamically optimized for cycle #9.
2026-09-20 09:06:31,432 [INFO] [Background Loop] Generating traffic content, running bot engagement, and monitoring Stripe vault...
2026-09-20 09:06:31,432 [INFO] [Success] Automated digital asset delivered. Passive income recorded.
2026-09-20 09:06:41,432 [INFO] [Evolution Cycle #10] Scanning trending niches...
2026-09-20 09:06:41,432 [INFO] [Self-Update] Funnel conversion logic dynamically optimized for cycle #10.
2026-09-20 09:06:41,432 [INFO] [Background Loop] Generating traffic content, running bot engagement, and monitoring Stripe vault...
2026-09-20 09:06:41,432 [INFO] [Success] Automated digital asset delivered. Passive income recorded.
2026-09-20 09:06:51,432 [INFO] [Evolution Cycle #11] Scanning trending niches...
2026-09-20 09:06:51,432 [INFO] [Self-Update] Funnel conversion logic dynamically optimized for cycle #11.
2026-09-20 09:06:51,432 [INFO] [Background Loop] Generating traffic content, running bot engagement, and monitoring Stripe vault...
2026-09-20 09:06:51,433 [INFO] [Success] Automated digital asset delivered. Passive income recorded.
2026-09-20 09:07:01,433 [INFO] [Evolution Cycle #12] Scanning trending niches...
2026-09-20 09:07:01,433 [INFO] [Self-Update] Funnel conversion logic dynamically optimized for cycle #12.
2026-09-20 09:07:01,433 [INFO] [Background Loop] Generating traffic content, running bot engagement, and monitoring Stripe vault...
2026-09-20 09:07:01,433 [INFO] [Success] Automated digital asset delivered. Passive income recorded.
2026-09-20 09:07:11,433 [INFO] [Evolution Cycle #13] Scanning trending niches...
2026-09-20 09:07:11,433 [INFO] [Self-Update] Funnel conversion logic dynamically optimized for cycle #13.
2026-09-20 09:07:11,433 [INFO] [Background Loop] Generating traffic content, running bot engagement, and monitoring Stripe vault...
2026-09-20 09:07:11,433 [INFO] [Success] Automated digital asset delivered. Passive income recorded.
2026-09-20 09:07:21,434 [INFO] [Evolution Cycle #14] Scanning trending niches...
2026-09-20 09:07:21,434 [INFO] [Self-Update] Funnel conversion logic dynamically optimized for cycle #14.
2026-09-20 09:07:21,434 [INFO] [Background Loop] Generating traffic content, running bot engagement, and monitoring Stripe vault...
2026-09-20 09:07:21,434 [INFO] [Success] Automated digital asset delivered. Passive income recorded.
2026-09-20 09:07:31,434 [INFO] [Evolution Cycle #15] Scanning trending niches...
2026-09-20 09:07:31,434 [INFO] [Self-Update] Funnel conversion logic dynamically optimized for cycle #15.
2026-09-20 09:07:31,434 [INFO] [Background Loop] Generating traffic content, running bot engagement, and monitoring Stripe vault...
2026-09-20 09:07:31,434 [INFO] [Success] Automated digital asset delivered. Passive income recorded.
2026-09-20 09:07:41,435 [INFO] [Evolution Cycle #16] Scanning trending niches...
2026-09-20 09:07:41,435 [INFO] [Self-Update] Funnel conversion logic dynamically optimized for cycle #16.
2026-09-20 09:07:41,435 [INFO] [Background Loop] Generating traffic content, running bot engagement, and monitoring Stripe vault...
2026-09-20 09:07:41,435 [INFO] [Success] Automated digital asset delivered. Passive income recorded.
2026-09-20 09:07:51,435 [INFO] [Evolution Cycle #17] Scanning trending niches...
2026-09-20 09:07:51,435 [INFO] [Self-Update] Funnel conversion logic dynamically optimized for cycle #17.
2026-09-20 09:07:51,435 [INFO] [Background Loop] Generating traffic content, running bot engagement, and monitoring Stripe vault...
2026-09-20 09:07:51,435 [INFO] [Success] Automated digital asset delivered. Passive income recorded.
2026-09-20 09:08:01,436 [INFO] [Evolution Cycle #18] Scanning trending niches...
2026-09-20 09:08:01,436 [INFO] [Self-Update] Funnel conversion logic dynamically optimized for cycle #18.
2026-09-20 09:08:01,436 [INFO] [Background Loop] Generating traffic content, running bot engagement, and monitoring Stripe vault...
2026-09-20 09:08:01,436 [INFO] [Success] Automated digital asset delivered. Passive income recorded.
2026-09-20 09:08:11,437 [INFO] [Evolution Cycle #19] Scanning trending niches...
2026-09-20 09:08:11,437 [INFO] [Self-Update] Funnel conversion logic dynamically optimized for cycle #19.
2026-09-20 09:08:11,437 [INFO] [Background Loop] Generating traffic content, running bot engagement, and monitoring Stripe vault...
2026-09-20 09:08:11,437 [INFO] [Success] Automated digital asset delivered. Passive income recorded.
2026-09-20 09:08:21,437 [INFO] [Evolution Cycle #20] Scanning trending niches...
2026-09-20 09:08:21,437 [INFO] [Self-Update] Funnel conversion logic dynamically optimized for cycle #20.
2026-09-20 09:08:21,437 [INFO] [Background Loop] Generating traffic content, running bot engagement, and monitoring Stripe vault...
2026-09-20 09:08:21,437 [INFO] [Success] Automated digital asset delivered. Passive income recorded.
2026-09-20 09:08:31,438 [INFO] [Evolution Cycle #21] Scanning trending niches...
2026-09-20 09:08:31,438 [INFO] [Self-Update] Funnel conversion logic dynamically optimized for cycle #21.
2026-09-20 09:08:31,438 [INFO] [Background Loop] Generating traffic content, running bot engagement, and monitoring Stripe vault...
2026-09-20 09:08:31,438 [INFO] [Success] Automated digital asset delivered. Passive income recorded.
2026-09-20 09:08:41,438 [INFO] [Evolution Cycle #22] Scanning trending niches...
2026-09-20 09:08:41,438 [INFO] [Self-Update] Funnel conversion logic dynamically optimized for cycle #22.
2026-09-20 09:08:41,438 [INFO] [Background Loop] Generating traffic content, running bot engagement, and monitoring Stripe vault...
2026-09-20 09:08:41,438 [INFO] [Success] Automated digital asset delivered. Passive income recorded.
2026-09-20 09:08:51,439 [INFO] [Evolution Cycle #23] Scanning trending niches...
2026-09-20 09:08:51,439 [INFO] [Self-Update] Funnel conversion logic dynamically optimized for cycle #23.
2026-09-20 09:08:51,439 [INFO] [Background Loop] Generating traffic content, running bot engagement, and monitoring Stripe vault...
2026-09-20 09:08:51,439 [INFO] [Success] Automated digital asset delivered. Passive income recorded.
2026-09-20 09:09:01,439 [INFO] [Evolution Cycle #24] Scanning trending niches...
2026-09-20 09:09:01,439 [INFO] [Self-Update] Funnel conversion logic dynamically optimized for cycle #24.
2026-09-20 09:09:01,439 [INFO] [Background Loop] Generating traffic content, running bot engagement, and monitoring Stripe vault...
2026-09-20 09:09:01,439 [INFO] [Success] Automated digital asset delivered. Passive income recorded.
2026-09-20 09:09:11,439 [INFO] [Evolution Cycle #25] Scanning trending niches...
2026-09-20 09:09:11,440 [INFO] [Self-Update] Funnel conversion logic dynamically optimized for cycle #25.
2026-09-20 09:09:11,440 [INFO] [Background Loop] Generating traffic content, running bot engagement, and monitoring Stripe vault...
2026-09-20 09:09:11,440 [INFO] [Success] Automated digital asset delivered. Passive income recorded.
2026-09-20 09:09:21,440 [INFO] [Evolution Cycle #26] Scanning trending niches...
2026-09-20 09:09:21,440 [INFO] [Self-Update] Funnel conversion logic dynamically optimized for cycle #26.
2026-09-20 09:09:21,440 [INFO] [Background Loop] Generating traffic content, running bot engagement, and monitoring Stripe vault...
2026-09-20 09:09:21,440 [INFO] [Success] Automated digital asset delivered. Passive income recorded.
2026-09-20 09:09:31,440 [INFO] [Evolution Cycle #27] Scanning trending niches...
2026-09-20 09:09:31,441 [INFO] [Self-Update] Funnel conversion logic dynamically optimized for cycle #27.
2026-09-20 09:09:31,441 [INFO] [Background Loop] Generating traffic content, running bot engagement, and monitoring Stripe vault...
2026-09-20 09:09:31,441 [INFO] [Success] Automated digital asset delivered. Passive income recorded.
2026-09-20 09:09:41,441 [INFO] [Evolution Cycle #28] Scanning trending niches...
2026-09-20 09:09:41,441 [INFO] [Self-Update] Funnel conversion logic dynamically optimized for cycle #28.
2026-09-20 09:09:41,441 [INFO] [Background Loop] Generating traffic content, running bot engagement, and monitoring Stripe vault...
2026-09-20 09:09:41,441 [INFO] [Success] Automated digital asset delivered. Passive income recorded.
2026-09-20 09:09:51,443 [INFO] [Evolution Cycle #29] Scanning trending niches...
2026-09-20 09:09:51,443 [INFO] [Self-Update] Funnel conversion logic dynamically optimized for cycle #29.
2026-09-20 09:09:51,443 [INFO] [Background Loop] Generating traffic content, running bot engagement, and monitoring Stripe vault...
2026-09-20 09:09:51,443 [INFO] [Success] Automated digital asset delivered. Passive income recorded.
2026-09-20 09:10:01,444 [INFO] [Evolution Cycle #30] Scanning trending niches...
2026-09-20 09:10:01,444 [INFO] [Self-Update] Funnel conversion logic dynamically optimized for cycle #30.
2026-09-20 09:10:01,444 [INFO] [Background Loop] Generating traffic content, running bot engagement, and monitoring Stripe vault...
2026-09-20 09:10:01,444 [INFO] [Success] Automated digital asset delivered. Passive income recorded.
2026-09-20 09:10:11,444 [INFO] [Evolution Cycle #31] Scanning trending niches...
2026-09-20 09:10:11,444 [INFO] [Self-Update] Funnel conversion logic dynamically optimized for cycle #31.
2026-09-20 09:10:11,444 [INFO] [Background Loop] Generating traffic content, running bot engagement, and monitoring Stripe vault...
2026-09-20 09:10:11,444 [INFO] [Success] Automated digital asset delivered. Passive income recorded.
2026-09-20 09:10:21,445 [INFO] [Evolution Cycle #32] Scanning trending niches...
2026-09-20 09:10:21,445 [INFO] [Self-Update] Funnel conversion logic dynamically optimized for cycle #32.
2026-09-20 09:10:21,445 [INFO] [Background Loop] Generating traffic content, running bot engagement, and monitoring Stripe vault...
2026-09-20 09:10:21,445 [INFO] [Success] Automated digital asset delivered. Passive income recorded.
2026-09-20 09:10:31,445 [INFO] [Evolution Cycle #33] Scanning trending niches...
2026-09-20 09:10:31,445 [INFO] [Self-Update] Funnel conversion logic dynamically optimized for cycle #33.
2026-09-20 09:10:31,445 [INFO] [Background Loop] Generating traffic content, running bot engagement, and monitoring Stripe vault...
2026-09-20 09:10:31,445 [INFO] [Success] Automated digital asset delivered. Passive income recorded.
2026-09-20 09:10:41,446 [INFO] [Evolution Cycle #34] Scanning trending niches...
2026-09-20 09:10:41,446 [INFO] [Self-Update] Funnel conversion logic dynamically optimized for cycle #34.
2026-09-20 09:10:41,446 [INFO] [Background Loop] Generating traffic content, running bot engagement, and monitoring Stripe vault...
2026-09-20 09:10:41,446 [INFO] [Success] Automated digital asset delivered. Passive income recorded.
2026-09-20 09:10:51,446 [INFO] [Evolution Cycle #35] Scanning trending niches...
2026-09-20 09:10:51,447 [INFO] [Self-Update] Funnel conversion logic dynamically optimized for cycle #35.
2026-09-20 09:10:51,447 [INFO] [Background Loop] Generating traffic content, running bot engagement, and monitoring Stripe vault...
2026-09-20 09:10:51,447 [INFO] [Success] Automated digital asset delivered. Passive income recorded.
2026-09-20 09:11:01,447 [INFO] [Evolution Cycle #36] Scanning trending niches...
2026-09-20 09:11:01,447 [INFO] [Self-Update] Funnel conversion logic dynamically optimized for cycle #36.
2026-09-20 09:11:01,447 [INFO] [Background Loop] Generating traffic content, running bot engagement, and monitoring Stripe vault...
2026-09-20 09:11:01,447 [INFO] [Success] Automated digital asset delivered. Passive income recorded.
2026-09-20 09:11:11,447 [INFO] [Evolution Cycle #37] Scanning trending niches...
2026-09-20 09:11:11,448 [INFO] [Self-Update] Funnel conversion logic dynamically optimized for cycle #37.
2026-09-20 09:11:11,448 [INFO] [Background Loop] Generating traffic content, running bot engagement, and monitoring Stripe vault...
2026-09-20 09:11:11,448 [INFO] [Success] Automated digital asset delivered. Passive income recorded.
2026-09-20 09:11:21,448 [INFO] [Evolution Cycle #38] Scanning trending niches...
2026-09-20 09:11:21,448 [INFO] [Self-Update] Funnel conversion logic dynamically optimized for cycle #38.
2026-09-20 09:11:21,448 [INFO] [Background Loop] Generating traffic content, running bot engagement, and monitoring Stripe vault...
2026-09-20 09:11:21,448 [INFO] [Success] Automated digital asset delivered. Passive income recorded.
2026-09-20 09:11:31,448 [INFO] [Evolution Cycle #39] Scanning trending niches...
2026-09-20 09:11:31,449 [INFO] [Self-Update] Funnel conversion logic dynamically optimized for cycle #39.
2026-09-20 09:11:31,449 [INFO] [Background Loop] Generating traffic content, running bot engagement, and monitoring Stripe vault...
2026-09-20 09:11:31,449 [INFO] [Success] Automated digital asset delivered. Passive income recorded.
2026-09-20 09:11:41,449 [INFO] [Evolution Cycle #40] Scanning trending niches...
2026-09-20 09:11:41,449 [INFO] [Self-Update] Funnel conversion logic dynamically optimized for cycle #40.
2026-09-20 09:11:41,449 [INFO] [Background Loop] Generating traffic content, running bot engagement, and monitoring Stripe vault...
2026-09-20 09:11:41,449 [INFO] [Success] Automated digital asset delivered. Passive income recorded.
2026-09-20 09:11:51,449 [INFO] [Evolution Cycle #41] Scanning trending niches...
2026-09-20 09:11:51,450 [INFO] [Self-Update] Funnel conversion logic dynamically optimized for cycle #41.
2026-09-20 09:11:51,450 [INFO] [Background Loop] Generating traffic content, running bot engagement, and monitoring Stripe vault...
2026-09-20 09:11:51,450 [INFO] [Success] Automated digital asset delivered. Passive income recorded.
2026-09-20 09:12:01,450 [INFO] [Evolution Cycle #42] Scanning trending niches...
2026-09-20 09:12:01,450 [INFO] [Self-Update] Funnel conversion logic dynamically optimized for cycle #42.
2026-09-20 09:12:01,450 [INFO] [Background Loop] Generating traffic content, running bot engagement, and monitoring Stripe vault...
2026-09-20 09:12:01,450 [INFO] [Success] Automated digital asset delivered. Passive income recorded.
2026-09-20 09:12:11,451 [INFO] [Evolution Cycle #43] Scanning trending niches...
2026-09-20 09:12:11,451 [INFO] [Self-Update] Funnel conversion logic dynamically optimized for cycle #43.
2026-09-20 09:12:11,451 [INFO] [Background Loop] Generating traffic content, running bot engagement, and monitoring Stripe vault...
2026-09-20 09:12:11,451 [INFO] [Success] Automated digital asset delivered. Passive income recorded.
2026-09-20 09:12:21,451 [INFO] [Evolution Cycle #44] Scanning trending niches...
2026-09-20 09:12:21,452 [INFO] [Self-Update] Funnel conversion logic dynamically optimized for cycle #44.
2026-09-20 09:12:21,452 [INFO] [Background Loop] Generating traffic content, running bot engagement, and monitoring Stripe vault...
2026-09-20 09:12:21,452 [INFO] [Success] Automated digital asset delivered. Passive income recorded.
2026-09-20 09:12:31,452 [INFO] [Evolution Cycle #45] Scanning trending niches...
2026-09-20 09:12:31,453 [INFO] [Self-Update] Funnel conversion logic dynamically optimized for cycle #45.
2026-09-20 09:12:31,454 [INFO] [Background Loop] Generating traffic content, running bot engagement, and monitoring Stripe vault...
2026-09-20 09:12:31,454 [INFO] [Success] Automated digital asset delivered. Passive income recorded.
2026-09-20 09:12:41,454 [INFO] [Evolution Cycle #46] Scanning trending niches...
2026-09-20 09:12:41,454 [INFO] [Self-Update] Funnel conversion logic dynamically optimized for cycle #46.
2026-09-20 09:12:41,454 [INFO] [Background Loop] Generating traffic content, running bot engagement, and monitoring Stripe vault...
2026-09-20 09:12:41,454 [INFO] [Success] Automated digital asset delivered. Passive income recorded.
2026-09-20 09:12:51,454 [INFO] [Evolution Cycle #47] Scanning trending niches...
2026-09-20 09:12:51,454 [INFO] [Self-Update] Funnel conversion logic dynamically optimized for cycle #47.
2026-09-20 09:12:51,454 [INFO] [Background Loop] Generating traffic content, running bot engagement, and monitoring Stripe vault...
2026-09-20 09:12:51,455 [INFO] [Success] Automated digital asset delivered. Passive income recorded.
2026-09-20 09:13:01,455 [INFO] [Evolution Cycle #48] Scanning trending niches...
2026-09-20 09:13:01,455 [INFO] [Self-Update] Funnel conversion logic dynamically optimized for cycle #48.
2026-09-20 09:13:01,455 [INFO] [Background Loop] Generating traffic content, running bot engagement, and monitoring Stripe vault...
2026-09-20 09:13:01,455 [INFO] [Success] Automated digital asset delivered. Passive income recorded.
2026-09-20 09:13:11,455 [INFO] [Evolution Cycle #49] Scanning trending niches...
2026-09-20 09:13:11,455 [INFO] [Self-Update] Funnel conversion logic dynamically optimized for cycle #49.
2026-09-20 09:13:11,455 [INFO] [Background Loop] Generating traffic content, running bot engagement, and monitoring Stripe vault...
2026-09-20 09:13:11,455 [INFO] [Success] Automated digital asset delivered. Passive income recorded.
2026-09-20 09:13:21,456 [INFO] [Evolution Cycle #50] Scanning trending niches...
2026-09-20 09:13:21,456 [INFO] [Self-Update] Funnel conversion logic dynamically optimized for cycle #50.
2026-09-20 09:13:21,456 [INFO] [Background Loop] Generating traffic content, running bot engagement, and monitoring Stripe vault...
2026-09-20 09:13:21,456 [INFO] [Success] Automated digital asset delivered. Passive income recorded.
2026-09-20 09:13:31,456 [INFO] [Evolution Cycle #51] Scanning trending niches...
2026-09-20 09:13:31,456 [INFO] [Self-Update] Funnel conversion logic dynamically optimized for cycle #51.
2026-09-20 09:13:31,456 [INFO] [Background Loop] Generating traffic content, running bot engagement, and monitoring Stripe vault...
2026-09-20 09:13:31,456 [INFO] [Success] Automated digital asset delivered. Passive income recorded.
2026-09-20 09:13:41,457 [INFO] [Evolution Cycle #52] Scanning trending niches...
2026-09-20 09:13:41,457 [INFO] [Self-Update] Funnel conversion logic dynamically optimized for cycle #52.
2026-09-20 09:13:41,457 [INFO] [Background Loop] Generating traffic content, running bot engagement, and monitoring Stripe vault...
2026-09-20 09:13:41,457 [INFO] [Success] Automated digital asset delivered. Passive income recorded.
2026-09-20 09:13:51,460 [INFO] [Evolution Cycle #53] Scanning trending niches...
2026-09-20 09:13:51,460 [INFO] [Self-Update] Funnel conversion logic dynamically optimized for cycle #53.
2026-09-20 09:13:51,460 [INFO] [Background Loop] Generating traffic content, running bot engagement, and monitoring Stripe vault...
2026-09-20 09:13:51,461 [INFO] [Success] Automated digital asset delivered. Passive income recorded.
2026-09-20 09:14:01,461 [INFO] [Evolution Cycle #54] Scanning trending niches...
2026-09-20 09:14:01,461 [INFO] [Self-Update] Funnel conversion logic dynamically optimized for cycle #54.
2026-09-20 09:14:01,461 [INFO] [Background Loop] Generating traffic content, running bot engagement, and monitoring Stripe vault...
2026-09-20 09:14:01,461 [INFO] [Success] Automated digital asset delivered. Passive income recorded.
2026-09-20 09:14:11,461 [INFO] [Evolution Cycle #55] Scanning trending niches...
2026-09-20 09:14:11,461 [INFO] [Self-Update] Funnel conversion logic dynamically optimized for cycle #55.
2026-09-20 09:14:11,461 [INFO] [Background Loop] Generating traffic content, running bot engagement, and monitoring Stripe vault...
2026-09-20 09:14:11,461 [INFO] [Success] Automated digital asset delivered. Passive income recorded.
2026-09-20 09:14:21,462 [INFO] [Evolution Cycle #56] Scanning trending niches...
2026-09-20 09:14:21,462 [INFO] [Self-Update] Funnel conversion logic dynamically optimized for cycle #56.
2026-09-20 09:14:21,462 [INFO] [Background Loop] Generating traffic content, running bot engagement, and monitoring Stripe vault...
2026-09-20 09:14:21,462 [INFO] [Success] Automated digital asset delivered. Passive income recorded.
2026-09-20 09:14:31,462 [INFO] [Evolution Cycle #57] Scanning trending niches...
2026-09-20 09:14:31,462 [INFO] [Self-Update] Funnel conversion logic dynamically optimized for cycle #57.
2026-09-20 09:14:31,462 [INFO] [Background Loop] Generating traffic content, running bot engagement, and monitoring Stripe vault...
2026-09-20 09:14:31,463 [INFO] [Success] Automated digital asset delivered. Passive income recorded.
2026-09-20 09:14:41,463 [INFO] [Evolution Cycle #58] Scanning trending niches...
2026-09-20 09:14:41,463 [INFO] [Self-Update] Funnel conversion logic dynamically optimized for cycle #58.
2026-09-20 09:14:41,463 [INFO] [Background Loop] Generating traffic content, running bot engagement, and monitoring Stripe vault...
2026-09-20 09:14:41,463 [INFO] [Success] Automated digital asset delivered. Passive income recorded.
2026-09-20 09:14:51,463 [INFO] [Evolution Cycle #59] Scanning trending niches...
2026-09-20 09:14:51,463 [INFO] [Self-Update] Funnel conversion logic dynamically optimized for cycle #59.
2026-09-20 09:14:51,463 [INFO] [Background Loop] Generating traffic content, running bot engagement, and monitoring Stripe vault...
2026-09-20 09:14:51,463 [INFO] [Success] Automated digital asset delivered. Passive income recorded.
2026-09-20 09:15:01,464 [INFO] [Evolution Cycle #60] Scanning trending niches...
2026-09-20 09:15:01,464 [INFO] [Self-Update] Funnel conversion logic dynamically optimized for cycle #60.
2026-09-20 09:15:01,464 [INFO] [Background Loop] Generating traffic content, running bot engagement, and monitoring Stripe vault...
2026-09-20 09:15:01,464 [INFO] [Success] Automated digital asset delivered. Passive income recorded.
2026-09-20 09:15:11,464 [INFO] [Evolution Cycle #61] Scanning trending niches...
2026-09-20 09:15:11,464 [INFO] [Self-Update] Funnel conversion logic dynamically optimized for cycle #61.
2026-09-20 09:15:11,464 [INFO] [Background Loop] Generating traffic content, running bot engagement, and monitoring Stripe vault...
2026-09-20 09:15:11,464 [INFO] [Success] Automated digital asset delivered. Passive income recorded.
2026-09-20 09:15:21,465 [INFO] [Evolution Cycle #62] Scanning trending niches...
2026-09-20 09:15:21,465 [INFO] [Self-Update] Funnel conversion logic dynamically optimized for cycle #62.
2026-09-20 09:15:21,465 [INFO] [Background Loop] Generating traffic content, running bot engagement, and monitoring Stripe vault...
2026-09-20 09:15:21,465 [INFO] [Success] Automated digital asset delivered. Passive income recorded.
2026-09-20 09:15:31,465 [INFO] [Evolution Cycle #63] Scanning trending niches...
2026-09-20 09:15:31,465 [INFO] [Self-Update] Funnel conversion logic dynamically optimized for cycle #63.
2026-09-20 09:15:31,465 [INFO] [Background Loop] Generating traffic content, running bot engagement, and monitoring Stripe vault...
2026-09-20 09:15:31,465 [INFO] [Success] Automated digital asset delivered. Passive income recorded.
2026-09-20 09:15:41,466 [INFO] [Evolution Cycle #64] Scanning trending niches...
2026-09-20 09:15:41,466 [INFO] [Self-Update] Funnel conversion logic dynamically optimized for cycle #64.
2026-09-20 09:15:41,466 [INFO] [Background Loop] Generating traffic content, running bot engagement, and monitoring Stripe vault...
2026-09-20 09:15:41,466 [INFO] [Success] Automated digital asset delivered. Passive income recorded.
2026-09-20 09:15:51,466 [INFO] [Evolution Cycle #65] Scanning trending niches...
2026-09-20 09:15:51,466 [INFO] [Self-Update] Funnel conversion logic dynamically optimized for cycle #65.
2026-09-20 09:15:51,467 [INFO] [Background Loop] Generating traffic content, running bot engagement, and monitoring Stripe vault...
2026-09-20 09:15:51,467 [INFO] [Success] Automated digital asset delivered. Passive income recorded.
2026-09-20 09:16:01,467 [INFO] [Evolution Cycle #66] Scanning trending niches...
2026-09-20 09:16:01,467 [INFO] [Self-Update] Funnel conversion logic dynamically optimized for cycle #66.
2026-09-20 09:16:01,467 [INFO] [Background Loop] Generating traffic content, running bot engagement, and monitoring Stripe vault...
2026-09-20 09:16:01,467 [INFO] [Success] Automated digital asset delivered. Passive income recorded.
2026-09-20 09:16:11,467 [INFO] [Evolution Cycle #67] Scanning trending niches...
2026-09-20 09:16:11,467 [INFO] [Self-Update] Funnel conversion logic dynamically optimized for cycle #67.
2026-09-20 09:16:11,468 [INFO] [Background Loop] Generating traffic content, running bot engagement, and monitoring Stripe vault...
2026-09-20 09:16:11,468 [INFO] [Success] Automated digital asset delivered. Passive income recorded.
2026-09-20 09:16:21,468 [INFO] [Evolution Cycle #68] Scanning trending niches...
2026-09-20 09:16:21,468 [INFO] [Self-Update] Funnel conversion logic dynamically optimized for cycle #68.
2026-09-20 09:16:21,468 [INFO] [Background Loop] Generating traffic content, running bot engagement, and monitoring Stripe vault...
2026-09-20 09:16:21,468 [INFO] [Success] Automated digital asset delivered. Passive income recorded.
2026-09-20 09:16:31,468 [INFO] [Evolution Cycle #69] Scanning trending niches...
2026-09-20 09:16:31,468 [INFO] [Self-Update] Funnel conversion logic dynamically optimized for cycle #69.
2026-09-20 09:16:31,469 [INFO] [Background Loop] Generating traffic content, running bot engagement, and monitoring Stripe vault...
2026-09-20 09:16:31,469 [INFO] [Success] Automated digital asset delivered. Passive income recorded.
2026-09-20 09:16:41,469 [INFO] [Evolution Cycle #70] Scanning trending niches...
2026-09-20 09:16:41,469 [INFO] [Self-Update] Funnel conversion logic dynamically optimized for cycle #70.
2026-09-20 09:16:41,469 [INFO] [Background Loop] Generating traffic content, running bot engagement, and monitoring Stripe vault...
2026-09-20 09:16:41,469 [INFO] [Success] Automated digital asset delivered. Passive income recorded.
2026-09-20 09:16:51,469 [INFO] [Evolution Cycle #71] Scanning trending niches...
2026-09-20 09:16:51,469 [INFO] [Self-Update] Funnel conversion logic dynamically optimized for cycle #71.
2026-09-20 09:16:51,469 [INFO] [Background Loop] Generating traffic content, running bot engagement, and monitoring Stripe vault...
2026-09-20 09:16:51,470 [INFO] [Success] Automated digital asset delivered. Passive income recorded.
2026-09-20 09:17:01,470 [INFO] [Evolution Cycle #72] Scanning trending niches...
2026-09-20 09:17:01,470 [INFO] [Self-Update] Funnel conversion logic dynamically optimized for cycle #72.
2026-09-20 09:17:01,470 [INFO] [Background Loop] Generating traffic content, running bot engagement, and monitoring Stripe vault...
2026-09-20 09:17:01,470 [INFO] [Success] Automated digital asset delivered. Passive income recorded.
2026-09-20 09:17:11,470 [INFO] [Evolution Cycle #73] Scanning trending niches...
2026-09-20 09:17:11,470 [INFO] [Self-Update] Funnel conversion logic dynamically optimized for cycle #73.
2026-09-20 09:17:11,471 [INFO] [Background Loop] Generating traffic content, running bot engagement, and monitoring Stripe vault...
2026-09-20 09:17:11,471 [INFO] [Success] Automated digital asset delivered. Passive income recorded.
2026-09-20 09:17:21,471 [INFO] [Evolution Cycle #74] Scanning trending niches...
2026-09-20 09:17:21,471 [INFO] [Self-Update] Funnel conversion logic dynamically optimized for cycle #74.
2026-09-20 09:17:21,471 [INFO] [Background Loop] Generating traffic content, running bot engagement, and monitoring Stripe vault...
2026-09-20 09:17:21,471 [INFO] [Success] Automated digital asset delivered. Passive income recorded.
2026-09-20 09:17:31,471 [INFO] [Evolution Cycle #75] Scanning trending niches...
2026-09-20 09:17:31,472 [INFO] [Self-Update] Funnel conversion logic dynamically optimized for cycle #75.
2026-09-20 09:17:31,472 [INFO] [Background Loop] Generating traffic content, running bot engagement, and monitoring Stripe vault...
2026-09-20 09:17:31,472 [INFO] [Success] Automated digital asset delivered. Passive income recorded.
2026-09-20 09:17:41,472 [INFO] [Evolution Cycle #76] Scanning trending niches...
2026-09-20 09:17:41,472 [INFO] [Self-Update] Funnel conversion logic dynamically optimized for cycle #76.
2026-09-20 09:17:41,472 [INFO] [Background Loop] Generating traffic content, running bot engagement, and monitoring Stripe vault...
2026-09-20 09:17:41,472 [INFO] [Success] Automated digital asset delivered. Passive income recorded.
2026-09-20 09:17:51,472 [INFO] [Evolution Cycle #77] Scanning trending niches...
2026-09-20 09:17:51,472 [INFO] [Self-Update] Funnel conversion logic dynamically optimized for cycle #77.
2026-09-20 09:17:51,473 [INFO] [Background Loop] Generating traffic content, running bot engagement, and monitoring Stripe vault...
2026-09-20 09:17:51,473 [INFO] [Success] Automated digital asset delivered. Passive income recorded.
2026-09-20 09:18:01,473 [INFO] [Evolution Cycle #78] Scanning trending niches...
2026-09-20 09:18:01,473 [INFO] [Self-Update] Funnel conversion logic dynamically optimized for cycle #78.
2026-09-20 09:18:01,473 [INFO] [Background Loop] Generating traffic content, running bot engagement, and monitoring Stripe vault...
2026-09-20 09:18:01,473 [INFO] [Success] Automated digital asset delivered. Passive income recorded.
2026-09-20 09:18:11,473 [INFO] [Evolution Cycle #79] Scanning trending niches...
2026-09-20 09:18:11,473 [INFO] [Self-Update] Funnel conversion logic dynamically optimized for cycle #79.
2026-09-20 09:18:11,473 [INFO] [Background Loop] Generating traffic content, running bot engagement, and monitoring Stripe vault...
2026-09-20 09:18:11,474 [INFO] [Success] Automated digital asset delivered. Passive income recorded.
2026-09-20 09:18:21,474 [INFO] [Evolution Cycle #80] Scanning trending niches...
2026-09-20 09:18:21,474 [INFO] [Self-Update] Funnel conversion logic dynamically optimized for cycle #80.
2026-09-20 09:18:21,474 [INFO] [Background Loop] Generating traffic content, running bot engagement, and monitoring Stripe vault...
2026-09-20 09:18:21,474 [INFO] [Success] Automated digital asset delivered. Passive income recorded.
2026-09-20 09:18:31,474 [INFO] [Evolution Cycle #81] Scanning trending niches...
2026-09-20 09:18:31,474 [INFO] [Self-Update] Funnel conversion logic dynamically optimized for cycle #81.
2026-09-20 09:18:31,474 [INFO] [Background Loop] Generating traffic content, running bot engagement, and monitoring Stripe vault...
2026-09-20 09:18:31,474 [INFO] [Success] Automated digital asset delivered. Passive income recorded.
2026-09-20 09:18:41,475 [INFO] [Evolution Cycle #82] Scanning trending niches...
2026-09-20 09:18:41,475 [INFO] [Self-Update] Funnel conversion logic dynamically optimized for cycle #82.
2026-09-20 09:18:41,475 [INFO] [Background Loop] Generating traffic content, running bot engagement, and monitoring Stripe vault...
2026-09-20 09:18:41,475 [INFO] [Success] Automated digital asset delivered. Passive income recorded.
2026-09-20 09:18:51,475 [INFO] [Evolution Cycle #83] Scanning trending niches...
2026-09-20 09:18:51,475 [INFO] [Self-Update] Funnel conversion logic dynamically optimized for cycle #83.
2026-09-20 09:18:51,475 [INFO] [Background Loop] Generating traffic content, running bot engagement, and monitoring Stripe vault...
2026-09-20 09:18:51,475 [INFO] [Success] Automated digital asset delivered. Passive income recorded.
2026-09-20 09:19:01,476 [INFO] [Evolution Cycle #84] Scanning trending niches...
2026-09-20 09:19:01,476 [INFO] [Self-Update] Funnel conversion logic dynamically optimized for cycle #84.
2026-09-20 09:19:01,476 [INFO] [Background Loop] Generating traffic content, running bot engagement, and monitoring Stripe vault...
2026-09-20 09:19:01,476 [INFO] [Success] Automated digital asset delivered. Passive income recorded.
2026-09-20 09:19:11,476 [INFO] [Evolution Cycle #85] Scanning trending niches...
2026-09-20 09:19:11,476 [INFO] [Self-Update] Funnel conversion logic dynamically optimized for cycle #85.
2026-09-20 09:19:11,476 [INFO] [Background Loop] Generating traffic content, running bot engagement, and monitoring Stripe vault...
2026-09-20 09:19:11,476 [INFO] [Success] Automated digital asset delivered. Passive income recorded.
2026-09-20 09:19:21,477 [INFO] [Evolution Cycle #86] Scanning trending niches...
2026-09-20 09:19:21,477 [INFO] [Self-Update] Funnel conversion logic dynamically optimized for cycle #86.
2026-09-20 09:19:21,477 [INFO] [Background Loop] Generating traffic content, running bot engagement, and monitoring Stripe vault...
2026-09-20 09:19:21,477 [INFO] [Success] Automated digital asset delivered. Passive income recorded.
2026-09-20 09:19:31,477 [INFO] [Evolution Cycle #87] Scanning trending niches...
2026-09-20 09:19:31,477 [INFO] [Self-Update] Funnel conversion logic dynamically optimized for cycle #87.
2026-09-20 09:19:31,477 [INFO] [Background Loop] Generating traffic content, running bot engagement, and monitoring Stripe vault...
2026-09-20 09:19:31,477 [INFO] [Success] Automated digital asset delivered. Passive income recorded.
2026-09-20 09:19:41,478 [INFO] [Evolution Cycle #88] Scanning trending niches...
2026-09-20 09:19:41,478 [INFO] [Self-Update] Funnel conversion logic dynamically optimized for cycle #88.
2026-09-20 09:19:41,478 [INFO] [Background Loop] Generating traffic content, running bot engagement, and monitoring Stripe vault...
2026-09-20 09:19:41,478 [INFO] [Success] Automated digital asset delivered. Passive income recorded.
2026-09-20 09:19:51,478 [INFO] [Evolution Cycle #89] Scanning trending niches...
2026-09-20 09:19:51,478 [INFO] [Self-Update] Funnel conversion logic dynamically optimized for cycle #89.
2026-09-20 09:19:51,478 [INFO] [Background Loop] Generating traffic content, running bot engagement, and monitoring Stripe vault...
2026-09-20 09:19:51,478 [INFO] [Success] Automated digital asset delivered. Passive income recorded.
2026-09-20 09:20:01,479 [INFO] [Evolution Cycle #90] Scanning trending niches...
2026-09-20 09:20:01,479 [INFO] [Self-Update] Funnel conversion logic dynamically optimized for cycle #90.
2026-09-20 09:20:01,479 [INFO] [Background Loop] Generating traffic content, running bot engagement, and monitoring Stripe vault...
2026-09-20 09:20:01,479 [INFO] [Success] Automated digital asset delivered. Passive income recorded.
2026-09-20 09:20:11,479 [INFO] [Evolution Cycle #91] Scanning trending niches...
2026-09-20 09:20:11,479 [INFO] [Self-Update] Funnel conversion logic dynamically optimized for cycle #91.
2026-09-20 09:20:11,479 [INFO] [Background Loop] Generating traffic content, running bot engagement, and monitoring Stripe vault...
2026-09-20 09:20:11,479 [INFO] [Success] Automated digital asset delivered. Passive income recorded.
2026-09-20 09:20:21,480 [INFO] [Evolution Cycle #92] Scanning trending niches...
2026-09-20 09:20:21,480 [INFO] [Self-Update] Funnel conversion logic dynamically optimized for cycle #92.
2026-09-20 09:20:21,480 [INFO] [Background Loop] Generating traffic content, running bot engagement, and monitoring Stripe vault...
2026-09-20 09:20:21,480 [INFO] [Success] Automated digital asset delivered. Passive income recorded.
2026-09-20 09:20:31,480 [INFO] [Evolution Cycle #93] Scanning trending niches...
2026-09-20 09:20:31,480 [INFO] [Self-Update] Funnel conversion logic dynamically optimized for cycle #93.
2026-09-20 09:20:31,481 [INFO] [Background Loop] Generating traffic content, running bot engagement, and monitoring Stripe vault...
2026-09-20 09:20:31,481 [INFO] [Success] Automated digital asset delivered. Passive income recorded.
2026-09-20 09:20:41,481 [INFO] [Evolution Cycle #94] Scanning trending niches...
2026-09-20 09:20:41,481 [INFO] [Self-Update] Funnel conversion logic dynamically optimized for cycle #94.
2026-09-20 09:20:41,481 [INFO] [Background Loop] Generating traffic content, running bot engagement, and monitoring Stripe vault...
2026-09-20 09:20:41,481 [INFO] [Success] Automated digital asset delivered. Passive income recorded.
2026-09-20 09:20:51,481 [INFO] [Evolution Cycle #95] Scanning trending niches...
2026-09-20 09:20:51,481 [INFO] [Self-Update] Funnel conversion logic dynamically optimized for cycle #95.
2026-09-20 09:20:51,482 [INFO] [Background Loop] Generating traffic content, running bot engagement, and monitoring Stripe vault...
2026-09-20 09:20:51,482 [INFO] [Success] Automated digital asset delivered. Passive income recorded.
2026-09-20 09:21:01,482 [INFO] [Evolution Cycle #96] Scanning trending niches...
2026-09-20 09:21:01,482 [INFO] [Self-Update] Funnel conversion logic dynamically optimized for cycle #96.
2026-09-20 09:21:01,482 [INFO] [Background Loop] Generating traffic content, running bot engagement, and monitoring Stripe vault...
2026-09-20 09:21:01,482 [INFO] [Success] Automated digital asset delivered. Passive income recorded.
2026-09-20 09:21:11,482 [INFO] [Evolution Cycle #97] Scanning trending niches...
2026-09-20 09:21:11,482 [INFO] [Self-Update] Funnel conversion logic dynamically optimized for cycle #97.
2026-09-20 09:21:11,483 [INFO] [Background Loop] Generating traffic content, running bot engagement, and monitoring Stripe vault...
2026-09-20 09:21:11,483 [INFO] [Success] Automated digital asset delivered. Passive income recorded.
2026-09-20 09:21:21,483 [INFO] [Evolution Cycle #98] Scanning trending niches...
2026-09-20 09:21:21,483 [INFO] [Self-Update] Funnel conversion logic dynamically optimized for cycle #98.
2026-09-20 09:21:21,483 [INFO] [Background Loop] Generating traffic content, running bot engagement, and monitoring Stripe vault...
2026-09-20 09:21:21,483 [INFO] [Success] Automated digital asset delivered. Passive income recorded.
2026-09-20 09:21:31,483 [INFO] [Evolution Cycle #99] Scanning trending niches...
2026-09-20 09:21:31,483 [INFO] [Self-Update] Funnel conversion logic dynamically optimized for cycle #99.
2026-09-20 09:21:31,483 [INFO] [Background Loop] Generating traffic content, running bot engagement, and monitoring Stripe vault...
2026-09-20 09:21:31,483 [INFO] [Success] Automated digital asset delivered. Passive income recorded.
2026-09-20 09:21:41,484 [INFO] [Evolution Cycle #100] Scanning trending niches...
2026-09-20 09:21:41,484 [INFO] [Self-Update] Funnel conversion logic dynamically optimized for cycle #100.
2026-09-20 09:21:41,484 [INFO] [Background Loop] Generating traffic content, running bot engagement, and monitoring Stripe vault...
2026-09-20 09:21:41,484 [INFO] [Success] Automated digital asset delivered. Passive income recorded.
2026-09-20 09:21:51,484 [INFO] [Evolution Cycle #101] Scanning trending niches...
2026-09-20 09:21:51,484 [INFO] [Self-Update] Funnel conversion logic dynamically optimized for cycle #101.
2026-09-20 09:21:51,484 [INFO] [Background Loop] Generating traffic content, running bot engagement, and monitoring Stripe vault...
2026-09-20 09:21:51,484 [INFO] [Success] Automated digital asset delivered. Passive income recorded.
2026-09-20 09:22:01,485 [INFO] [Evolution Cycle #102] Scanning trending niches...
2026-09-20 09:22:01,485 [INFO] [Self-Update] Funnel conversion logic dynamically optimized for cycle #102.
2026-09-20 09:22:01,485 [INFO] [Background Loop] Generating traffic content, running bot engagement, and monitoring Stripe vault...
2026-09-20 09:22:01,485 [INFO] [Success] Automated digital asset delivered. Passive income recorded.
2026-09-20 09:22:11,485 [INFO] [Evolution Cycle #103] Scanning trending niches...
2026-09-20 09:22:11,485 [INFO] [Self-Update] Funnel conversion logic dynamically optimized for cycle #103.
2026-09-20 09:22:11,485 [INFO] [Background Loop] Generating traffic content, running bot engagement, and monitoring Stripe vault...
2026-09-20 09:22:11,485 [INFO] [Success] Automated digital asset delivered. Passive income recorded.
2026-09-20 09:22:21,486 [INFO] [Evolution Cycle #104] Scanning trending niches...
2026-09-20 09:22:21,486 [INFO] [Self-Update] Funnel conversion logic dynamically optimized for cycle #104.
2026-09-20 09:22:21,486 [INFO] [Background Loop] Generating traffic content, running bot engagement, and monitoring Stripe vault...
2026-09-20 09:22:21,486 [INFO] [Success] Automated digital asset delivered. Passive income recorded.
2026-09-20 09:22:31,486 [INFO] [Evolution Cycle #105] Scanning trending niches...
2026-09-20 09:22:31,486 [INFO] [Self-Update] Funnel conversion logic dynamically optimized for cycle #105.
2026-09-20 09:22:31,486 [INFO] [Background Loop] Generating traffic content, running bot engagement, and monitoring Stripe vault...
2026-09-20 09:22:31,486 [INFO] [Success] Automated digital asset delivered. Passive income recorded.
2026-09-20 09:22:41,487 [INFO] [Evolution Cycle #106] Scanning trending niches...
2026-09-20 09:22:41,487 [INFO] [Self-Update] Funnel conversion logic dynamically optimized for cycle #106.
2026-09-20 09:22:41,487 [INFO] [Background Loop] Generating traffic content, running bot engagement, and monitoring Stripe vault...
2026-09-20 09:22:41,487 [INFO] [Success] Automated digital asset delivered. Passive income recorded.
2026-09-20 09:22:51,487 [INFO] [Evolution Cycle #107] Scanning trending niches...
2026-09-20 09:22:51,487 [INFO] [Self-Update] Funnel conversion logic dynamically optimized for cycle #107.
2026-09-20 09:22:51,487 [INFO] [Background Loop] Generating traffic content, running bot engagement, and monitoring Stripe vault...
2026-09-20 09:22:51,487 [INFO] [Success] Automated digital asset delivered. Passive income recorded.
2026-09-20 09:23:01,488 [INFO] [Evolution Cycle #108] Scanning trending niches...
2026-09-20 09:23:01,488 [INFO] [Self-Update] Funnel conversion logic dynamically optimized for cycle #108.
2026-09-20 09:23:01,488 [INFO] [Background Loop] Generating traffic content, running bot engagement, and monitoring Stripe vault...
2026-09-20 09:23:01,488 [INFO] [Success] Automated digital asset delivered. Passive income recorded.
2026-09-20 09:23:11,488 [INFO] [Evolution Cycle #109] Scanning trending niches...
2026-09-20 09:23:11,488 [INFO] [Self-Update] Funnel conversion logic dynamically optimized for cycle #109.
2026-09-20 09:23:11,488 [INFO] [Background Loop] Generating traffic content, running bot engagement, and monitoring Stripe vault...
2026-09-20 09:23:11,489 [INFO] [Success] Automated digital asset delivered. Passive income recorded.
2026-09-20 09:23:21,489 [INFO] [Evolution Cycle #110] Scanning trending niches...
2026-09-20 09:23:21,489 [INFO] [Self-Update] Funnel conversion logic dynamically optimized for cycle #110.
2026-09-20 09:23:21,489 [INFO] [Background Loop] Generating traffic content, running bot engagement, and monitoring Stripe vault...
2026-09-20 09:23:21,489 [INFO] [Success] Automated digital asset delivered. Passive income recorded.
2026-09-20 09:23:31,489 [INFO] [Evolution Cycle #111] Scanning trending niches...
2026-09-20 09:23:31,489 [INFO] [Self-Update] Funnel conversion logic dynamically optimized for cycle #111.
2026-09-20 09:23:31,489 [INFO] [Background Loop] Generating traffic content, running bot engagement, and monitoring Stripe vault...
2026-09-20 09:23:31,490 [INFO] [Success] Automated digital asset delivered. Passive income recorded.
2026-09-20 09:23:41,490 [INFO] [Evolution Cycle #112] Scanning trending niches...
2026-09-20 09:23:41,490 [INFO] [Self-Update] Funnel conversion logic dynamically optimized for cycle #112.
2026-09-20 09:23:41,490 [INFO] [Background Loop] Generating traffic content, running bot engagement, and monitoring Stripe vault...
2026-09-20 09:23:41,490 [INFO] [Success] Automated digital asset delivered. Passive income recorded.
2026-09-20 09:23:51,490 [INFO] [Evolution Cycle #113] Scanning trending niches...
2026-09-20 09:23:51,490 [INFO] [Self-Update] Funnel conversion logic dynamically optimized for cycle #113.
2026-09-20 09:23:51,490 [INFO] [Background Loop] Generating traffic content, running bot engagement, and monitoring Stripe vault...
2026-09-20 09:23:51,491 [INFO] [Success] Automated digital asset delivered. Passive income recorded.
2026-09-20 09:24:01,491 [INFO] [Evolution Cycle #114] Scanning trending niches...
2026-09-20 09:24:01,491 [INFO] [Self-Update] Funnel conversion logic dynamically optimized for cycle #114.
2026-09-20 09:24:01,491 [INFO] [Background Loop] Generating traffic content, running bot engagement, and monitoring Stripe vault...
2026-09-20 09:24:01,491 [INFO] [Success] Automated digital asset delivered. Passive income recorded.
2026-09-20 09:24:11,491 [INFO] [Evolution Cycle #115] Scanning trending niches...
2026-09-20 09:24:11,491 [INFO] [Self-Update] Funnel conversion logic dynamically optimized for cycle #115.
2026-09-20 09:24:11,491 [INFO] [Background Loop] Generating traffic content, running bot engagement, and monitoring Stripe vault...
2026-09-20 09:24:11,492 [INFO] [Success] Automated digital asset delivered. Passive income recorded.
2026-09-20 09:24:21,493 [INFO] [Evolution Cycle #116] Scanning trending niches...
2026-09-20 09:24:21,493 [INFO] [Self-Update] Funnel conversion logic dynamically optimized for cycle #116.
2026-09-20 09:24:21,493 [INFO] [Background Loop] Generating traffic content, running bot engagement, and monitoring Stripe vault...
2026-09-20 09:24:21,493 [INFO] [Success] Automated digital asset delivered. Passive income recorded.
2026-09-20 09:24:31,493 [INFO] [Evolution Cycle #117] Scanning trending niches...
2026-09-20 09:24:31,494 [INFO] [Self-Update] Funnel conversion logic dynamically optimized for cycle #117.
2026-09-20 09:24:31,494 [INFO] [Background Loop] Generating traffic content, running bot engagement, and monitoring Stripe vault...
2026-09-20 09:24:31,494 [INFO] [Success] Automated digital asset delivered. Passive income recorded.
2026-09-20 09:24:41,494 [INFO] [Evolution Cycle #118] Scanning trending niches...
2026-09-20 09:24:41,494 [INFO] [Self-Update] Funnel conversion logic dynamically optimized for cycle #118.
2026-09-20 09:24:41,494 [INFO] [Background Loop] Generating traffic content, running bot engagement, and monitoring Stripe vault...
2026-09-20 09:24:41,494 [INFO] [Success] Automated digital asset delivered. Passive income recorded.
2026-09-20 09:24:51,494 [INFO] [Evolution Cycle #119] Scanning trending niches...
2026-09-20 09:24:51,495 [INFO] [Self-Update] Funnel conversion logic dynamically optimized for cycle #119.
2026-09-20 09:24:51,495 [INFO] [Background Loop] Generating traffic content, running bot engagement, and monitoring Stripe vault...
2026-09-20 09:24:51,495 [INFO] [Success] Automated digital asset delivered. Passive income recorded.
2026-09-20 09:25:01,495 [INFO] [Evolution Cycle #120] Scanning trending niches...
2026-09-20 09:25:01,495 [INFO] [Self-Update] Funnel conversion logic dynamically optimized for cycle #120.
2026-09-20 09:25:01,495 [INFO] [Background Loop] Generating traffic content, running bot engagement, and monitoring Stripe vault...
2026-09-20 09:25:01,495 [INFO] [Success] Automated digital asset delivered. Passive income recorded.
2026-09-20 09:25:11,495 [INFO] [Evolution Cycle #121] Scanning trending niches...
2026-09-20 09:25:11,496 [INFO] [Self-Update] Funnel conversion logic dynamically optimized for cycle #121.
2026-09-20 09:25:11,496 [INFO] [Background Loop] Generating traffic content, running bot engagement, and monitoring Stripe vault...
2026-09-20 09:25:11,496 [INFO] [Success] Automated digital asset delivered. Passive income recorded.
2026-09-20 09:25:21,496 [INFO] [Evolution Cycle #122] Scanning trending niches...
2026-09-20 09:25:21,496 [INFO] [Self-Update] Funnel conversion logic dynamically optimized for cycle #122.
2026-09-20 09:25:21,496 [INFO] [Background Loop] Generating traffic content, running bot engagement, and monitoring Stripe vault...
2026-09-20 09:25:21,496 [INFO] [Success] Automated digital asset delivered. Passive income recorded.
2026-09-20 09:25:31,496 [INFO] [Evolution Cycle #123] Scanning trending niches...
2026-09-20 09:25:31,496 [INFO] [Self-Update] Funnel conversion logic dynamically optimized for cycle #123.
2026-09-20 09:25:31,496 [INFO] [Background Loop] Generating traffic content, running bot engagement, and monitoring Stripe vault...
2026-09-20 09:25:31,497 [INFO] [Success] Automated digital asset delivered. Passive income recorded.
2026-09-20 09:25:41,497 [INFO] [Evolution Cycle #124] Scanning trending niches...
2026-09-20 09:25:41,497 [INFO] [Self-Update] Funnel conversion logic dynamically optimized for cycle #124.
2026-09-20 09:25:41,497 [INFO] [Background Loop] Generating traffic content, running bot engagement, and monitoring Stripe vault...
2026-09-20 09:25:41,497 [INFO] [Success] Automated digital asset delivered. Passive income recorded.
2026-09-20 09:25:51,497 [INFO] [Evolution Cycle #125] Scanning trending niches...
2026-09-20 09:25:51,497 [INFO] [Self-Update] Funnel conversion logic dynamically optimized for cycle #125.
2026-09-20 09:25:51,497 [INFO] [Background Loop] Generating traffic content, running bot engagement, and monitoring Stripe vault...
2026-09-20 09:25:51,498 [INFO] [Success] Automated digital asset delivered. Passive income recorded.
2026-09-20 09:26:01,499 [INFO] [Evolution Cycle #126] Scanning trending niches...
2026-09-20 09:26:01,499 [INFO] [Self-Update] Funnel conversion logic dynamically optimized for cycle #126.
2026-09-20 09:26:01,499 [INFO] [Background Loop] Generating traffic content, running bot engagement, and monitoring Stripe vault...
2026-09-20 09:26:01,500 [INFO] [Success] Automated digital asset delivered. Passive income recorded.
2026-09-20 09:26:11,500 [INFO] [Evolution Cycle #127] Scanning trending niches...
2026-09-20 09:26:11,500 [INFO] [Self-Update] Funnel conversion logic dynamically optimized for cycle #127.
2026-09-20 09:26:11,500 [INFO] [Background Loop] Generating traffic content, running bot engagement, and monitoring Stripe vault...
2026-09-20 09:26:11,500 [INFO] [Success] Automated digital asset delivered. Passive income recorded.
2026-09-20 09:26:21,500 [INFO] [Evolution Cycle #128] Scanning trending niches...
2026-09-20 09:26:21,500 [INFO] [Self-Update] Funnel conversion logic dynamically optimized for cycle #128.
2026-09-20 09:26:21,500 [INFO] [Background Loop] Generating traffic content, running bot engagement, and monitoring Stripe vault...
2026-09-20 09:26:21,500 [INFO] [Success] Automated digital asset delivered. Passive income recorded.
2026-09-20 09:26:31,501 [INFO] [Evolution Cycle #129] Scanning trending niches...
2026-09-20 09:26:31,501 [INFO] [Self-Update] Funnel conversion logic dynamically optimized for cycle #129.
2026-09-20 09:26:31,501 [INFO] [Background Loop] Generating traffic content, running bot engagement, and monitoring Stripe vault...
2026-09-20 09:26:31,501 [INFO] [Success] Automated digital asset delivered. Passive income recorded.
2026-09-20 09:26:41,501 [INFO] [Evolution Cycle #130] Scanning trending niches...
2026-09-20 09:26:41,501 [INFO] [Self-Update] Funnel conversion logic dynamically optimized for cycle #130.
2026-09-20 09:26:41,501 [INFO] [Background Loop] Generating traffic content, running bot engagement, and monitoring Stripe vault...
2026-09-20 09:26:41,501 [INFO] [Success] Automated digital asset delivered. Passive income recorded.
2026-09-20 09:26:51,502 [INFO] [Evolution Cycle #131] Scanning trending niches...
2026-09-20 09:26:51,502 [INFO] [Self-Update] Funnel conversion logic dynamically optimized for cycle #131.
2026-09-20 09:26:51,502 [INFO] [Background Loop] Generating traffic content, running bot engagement, and monitoring Stripe vault...
2026-09-20 09:26:51,502 [INFO] [Success] Automated digital asset delivered. Passive income recorded.
2026-09-20 09:27:01,502 [INFO] [Evolution Cycle #132] Scanning trending niches...
2026-09-20 09:27:01,502 [INFO] [Self-Update] Funnel conversion logic dynamically optimized for cycle #132.
2026-09-20 09:27:01,502 [INFO] [Background Loop] Generating traffic content, running bot engagement, and monitoring Stripe vault...
2026-09-20 09:27:01,502 [INFO] [Success] Automated digital asset delivered. Passive income recorded.
2026-09-20 09:27:11,503 [INFO] [Evolution Cycle #133] Scanning trending niches...
2026-09-20 09:27:11,503 [INFO] [Self-Update] Funnel conversion logic dynamically optimized for cycle #133.
2026-09-20 09:27:11,503 [INFO] [Background Loop] Generating traffic content, running bot engagement, and monitoring Stripe vault...
2026-09-20 09:27:11,503 [INFO] [Success] Automated digital asset delivered. Passive income recorded.
2026-09-20 09:27:21,503 [INFO] [Evolution Cycle #134] Scanning trending niches...
2026-09-20 09:27:21,503 [INFO] [Self-Update] Funnel conversion logic dynamically optimized for cycle #134.
2026-09-20 09:27:21,503 [INFO] [Background Loop] Generating traffic content, running bot engagement, and monitoring Stripe vault...
2026-09-20 09:27:21,503 [INFO] [Success] Automated digital asset delivered. Passive income recorded.
2026-09-20 09:27:31,504 [INFO] [Evolution Cycle #135] Scanning trending niches...
2026-09-20 09:27:31,504 [INFO] [Self-Update] Funnel conversion logic dynamically optimized for cycle #135.
2026-09-20 09:27:31,504 [INFO] [Background Loop] Generating traffic content, running bot engagement, and monitoring Stripe vault...
2026-09-20 09:27:31,504 [INFO] [Success] Automated digital asset delivered. Passive income recorded.
2026-09-20 09:27:41,504 [INFO] [Evolution Cycle #136] Scanning trending niches...
2026-09-20 09:27:41,504 [INFO] [Self-Update] Funnel conversion logic dynamically optimized for cycle #136.
2026-09-20 09:27:41,504 [INFO] [Background Loop] Generating traffic content, running bot engagement, and monitoring Stripe vault...
2026-09-20 09:27:41,504 [INFO] [Success] Automated digital asset delivered. Passive income recorded.
2026-09-20 09:27:51,505 [INFO] [Evolution Cycle #137] Scanning trending niches...
2026-09-20 09:27:51,505 [INFO] [Self-Update] Funnel conversion logic dynamically optimized for cycle #137.
2026-09-20 09:27:51,505 [INFO] [Background Loop] Generating traffic content, running bot engagement, and monitoring Stripe vault...
2026-09-20 09:27:51,505 [INFO] [Success] Automated digital asset delivered. Passive income recorded.
2026-09-20 09:28:01,505 [INFO] [Evolution Cycle #138] Scanning trending niches...
2026-09-20 09:28:01,505 [INFO] [Self-Update] Funnel conversion logic dynamically optimized for cycle #138.
2026-09-20 09:28:01,505 [INFO] [Background Loop] Generating traffic content, running bot engagement, and monitoring Stripe vault...
2026-09-20 09:28:01,506 [INFO] [Success] Automated digital asset delivered. Passive income recorded.
2026-09-20 09:28:11,506 [INFO] [Evolution Cycle #139] Scanning trending niches...
2026-09-20 09:28:11,506 [INFO] [Self-Update] Funnel conversion logic dynamically optimized for cycle #139.
2026-09-20 09:28:11,506 [INFO] [Background Loop] Generating traffic content, running bot engagement, and monitoring Stripe vault...
2026-09-20 09:28:11,506 [INFO] [Success] Automated digital asset delivered. Passive income recorded.
2026-09-20 09:28:21,506 [INFO] [Evolution Cycle #140] Scanning trending niches...
2026-09-20 09:28:21,506 [INFO] [Self-Update] Funnel conversion logic dynamically optimized for cycle #140.
2026-09-20 09:28:21,506 [INFO] [Background Loop] Generating traffic content, running bot engagement, and monitoring Stripe vault...
2026-09-20 09:28:21,507 [INFO] [Success] Automated digital asset delivered. Passive income recorded.
2026-09-20 09:28:31,507 [INFO] [Evolution Cycle #141] Scanning trending niches...
2026-09-20 09:28:31,507 [INFO] [Self-Update] Funnel conversion logic dynamically optimized for cycle #141.
2026-09-20 09:28:31,507 [INFO] [Background Loop] Generating traffic content, running bot engagement, and monitoring Stripe vault...
2026-09-20 09:28:31,507 [INFO] [Success] Automated digital asset delivered. Passive income recorded.
2026-09-20 09:28:41,507 [INFO] [Evolution Cycle #142] Scanning trending niches...
2026-09-20 09:28:41,507 [INFO] [Self-Update] Funnel conversion logic dynamically optimized for cycle #142.
2026-09-20 09:28:41,507 [INFO] [Background Loop] Generating traffic content, running bot engagement, and monitoring Stripe vault...
2026-09-20 09:28:41,507 [INFO] [Success] Automated digital asset delivered. Passive income recorded.
2026-09-20 09:28:51,508 [INFO] [Evolution Cycle #143] Scanning trending niches...
2026-09-20 09:28:51,508 [INFO] [Self-Update] Funnel conversion logic dynamically optimized for cycle #143.
2026-09-20 09:28:51,508 [INFO] [Background Loop] Generating traffic content, running bot engagement, and monitoring Stripe vault...
2026-09-20 09:28:51,508 [INFO] [Success] Automated digital asset delivered. Passive income recorded.
2026-09-20 09:29:01,508 [INFO] [Evolution Cycle #144] Scanning trending niches...
2026-09-20 09:29:01,508 [INFO] [Self-Update] Funnel conversion logic dynamically optimized for cycle #144.
2026-09-20 09:29:01,508 [INFO] [Background Loop] Generating traffic content, running bot engagement, and monitoring Stripe vault...
2026-09-20 09:29:01,508 [INFO] [Success] Automated digital asset delivered. Passive income recorded.
2026-09-20 09:29:11,509 [INFO] [Evolution Cycle #145] Scanning trending niches...
2026-09-20 09:29:11,509 [INFO] [Self-Update] Funnel conversion logic dynamically optimized for cycle #145.
2026-09-20 09:29:11,510 [INFO] [Background Loop] Generating traffic content, running bot engagement, and monitoring Stripe vault...
2026-09-20 09:29:11,510 [INFO] [Success] Automated digital asset delivered. Passive income recorded.
2026-09-20 09:29:21,510 [INFO] [Evolution Cycle #146] Scanning trending niches...
2026-09-20 09:29:21,510 [INFO] [Self-Update] Funnel conversion logic dynamically optimized for cycle #146.
2026-09-20 09:29:21,510 [INFO] [Background Loop] Generating traffic content, running bot engagement, and monitoring Stripe vault...
2026-09-20 09:29:21,511 [INFO] [Success] Automated digital asset delivered. Passive income recorded.
2026-09-20 09:29:31,511 [INFO] [Evolution Cycle #147] Scanning trending niches...
2026-09-20 09:29:31,511 [INFO] [Self-Update] Funnel conversion logic dynamically optimized for cycle #147.
2026-09-20 09:29:31,512 [INFO] [Background Loop] Generating traffic content, running bot engagement, and monitoring Stripe vault...
2026-09-20 09:29:31,512 [INFO] [Success] Automated digital asset delivered. Passive income recorded.
2026-09-20 09:29:41,512 [INFO] [Evolution Cycle #148] Scanning trending niches...
2026-09-20 09:29:41,512 [INFO] [Self-Update] Funnel conversion logic dynamically optimized for cycle #148.
2026-09-20 09:29:41,512 [INFO] [Background Loop] Generating traffic content, running bot engagement, and monitoring Stripe vault...
2026-09-20 09:29:41,513 [INFO] [Success] Automated digital asset delivered. Passive income recorded.
2026-09-20 09:29:51,513 [INFO] [Evolution Cycle #149] Scanning trending niches...
2026-09-20 09:29:51,514 [INFO] [Self-Update] Funnel conversion logic dynamically optimized for cycle #149.
2026-09-20 09:29:51,514 [INFO] [Background Loop] Generating traffic content, running bot engagement, and monitoring Stripe vault...
2026-09-20 09:29:51,514 [INFO] [Success] Automated digital asset delivered. Passive income recorded.
2026-09-20 09:30:01,514 [INFO] [Evolution Cycle #150] Scanning trending niches...
2026-09-20 09:30:01,514 [INFO] [Self-Update] Funnel conversion logic dynamically optimized for cycle #150.
2026-09-20 09:30:01,514 [INFO] [Background Loop] Generating traffic content, running bot engagement, and monitoring Stripe vault...
2026-09-20 09:30:01,514 [INFO] [Success] Automated digital asset delivered. Passive income recorded.
2026-09-20 09:30:11,515 [INFO] [Evolution Cycle #151] Scanning trending niches...
2026-09-20 09:30:11,515 [INFO] [Self-Update] Funnel conversion logic dynamically optimized for cycle #151.
2026-09-20 09:30:11,515 [INFO] [Background Loop] Generating traffic content, running bot engagement, and monitoring Stripe vault...
2026-09-20 09:30:11,515 [INFO] [Success] Automated digital asset delivered. Passive income recorded.
2026-09-20 09:30:21,515 [INFO] [Evolution Cycle #152] Scanning trending niches...
2026-09-20 09:30:21,515 [INFO] [Self-Update] Funnel conversion logic dynamically optimized for cycle #152.
2026-09-20 09:30:21,515 [INFO] [Background Loop] Generating traffic content, running bot engagement, and monitoring Stripe vault...
2026-09-20 09:30:21,515 [INFO] [Success] Automated digital asset delivered. Passive income recorded.
2026-09-20 09:30:31,516 [INFO] [Evolution Cycle #153] Scanning trending niches...
2026-09-20 09:30:31,516 [INFO] [Self-Update] Funnel conversion logic dynamically optimized for cycle #153.
2026-09-20 09:30:31,516 [INFO] [Background Loop] Generating traffic content, running bot engagement, and monitoring Stripe vault...
2026-09-20 09:30:31,516 [INFO] [Success] Automated digital asset delivered. Passive income recorded.
2026-09-20 09:30:41,516 [INFO] [Evolution Cycle #154] Scanning trending niches...
2026-09-20 09:30:41,516 [INFO] [Self-Update] Funnel conversion logic dynamically optimized for cycle #154.
2026-09-20 09:30:41,516 [INFO] [Background Loop] Generating traffic content, running bot engagement, and monitoring Stripe vault...
2026-09-20 09:30:41,516 [INFO] [Success] Automated digital asset delivered. Passive income recorded.
2026-09-20 09:30:51,517 [INFO] [Evolution Cycle #155] Scanning trending niches...
2026-09-20 09:30:51,517 [INFO] [Self-Update] Funnel conversion logic dynamically optimized for cycle #155.
2026-09-20 09:30:51,517 [INFO] [Background Loop] Generating traffic content, running bot engagement, and monitoring Stripe vault...
2026-09-20 09:30:51,517 [INFO] [Success] Automated digital asset delivered. Passive income recorded.
2026-09-20 09:31:01,517 [INFO] [Evolution Cycle #156] Scanning trending niches...
2026-09-20 09:31:01,517 [INFO] [Self-Update] Funnel conversion logic dynamically optimized for cycle #156.
2026-09-20 09:31:01,518 [INFO] [Background Loop] Generating traffic content, running bot engagement, and monitoring Stripe vault...
2026-09-20 09:31:01,518 [INFO] [Success] Automated digital asset delivered. Passive income recorded.
2026-09-20 09:31:11,518 [INFO] [Evolution Cycle #157] Scanning trending niches...
2026-09-20 09:31:11,518 [INFO] [Self-Update] Funnel conversion logic dynamically optimized for cycle #157.
2026-09-20 09:31:11,518 [INFO] [Background Loop] Generating traffic content, running bot engagement, and monitoring Stripe vault...
2026-09-20 09:31:11,518 [INFO] [Success] Automated digital asset delivered. Passive income recorded.
2026-09-20 09:31:21,518 [INFO] [Evolution Cycle #158] Scanning trending niches...
2026-09-20 09:31:21,518 [INFO] [Self-Update] Funnel conversion logic dynamically optimized for cycle #158.
2026-09-20 09:31:21,518 [INFO] [Background Loop] Generating traffic content, running bot engagement, and monitoring Stripe vault...
2026-09-20 09:31:21,519 [INFO] [Success] Automated digital asset delivered. Passive income recorded.
2026-09-20 09:31:31,519 [INFO] [Evolution Cycle #159] Scanning trending niches...
2026-09-20 09:31:31,519 [INFO] [Self-Update] Funnel conversion logic dynamically optimized for cycle #159.
2026-09-20 09:31:31,519 [INFO] [Background Loop] Generating traffic content, running bot engagement, and monitoring Stripe vault...
2026-09-20 09:31:31,519 [INFO] [Success] Automated digital asset delivered. Passive income recorded.
2026-09-20 09:31:41,519 [INFO] [Evolution Cycle #160] Scanning trending niches...
2026-09-20 09:31:41,519 [INFO] [Self-Update] Funnel conversion logic dynamically optimized for cycle #160.
2026-09-20 09:31:41,519 [INFO] [Background Loop] Generating traffic content, running bot engagement, and monitoring Stripe vault...
2026-09-20 09:31:41,519 [INFO] [Success] Automated digital asset delivered. Passive income recorded.
2026-09-20 09:31:51,520 [INFO] [Evolution Cycle #161] Scanning trending niches...
2026-09-20 09:31:51,520 [INFO] [Self-Update] Funnel conversion logic dynamically optimized for cycle #161.
2026-09-20 09:31:51,520 [INFO] [Background Loop] Generating traffic content, running bot engagement, and monitoring Stripe vault...
2026-09-20 09:31:51,520 [INFO] [Success] Automated digital asset delivered. Passive income recorded.
2026-09-20 09:32:01,520 [INFO] [Evolution Cycle #162] Scanning trending niches...
2026-09-20 09:32:01,520 [INFO] [Self-Update] Funnel conversion logic dynamically optimized for cycle #162.
2026-09-20 09:32:01,520 [INFO] [Background Loop] Generating traffic content, running bot engagement, and monitoring Stripe vault...
2026-09-20 09:32:01,520 [INFO] [Success] Automated digital asset delivered. Passive income recorded.
2026-09-20 09:32:11,521 [INFO] [Evolution Cycle #163] Scanning trending niches...
2026-09-20 09:32:11,521 [INFO] [Self-Update] Funnel conversion logic dynamically optimized for cycle #163.
2026-09-20 09:32:11,521 [INFO] [Background Loop] Generating traffic content, running bot engagement, and monitoring Stripe vault...
2026-09-20 09:32:11,521 [INFO] [Success] Automated digital asset delivered. Passive income recorded.
2026-09-20 09:32:21,521 [INFO] [Evolution Cycle #164] Scanning trending niches...
2026-09-20 09:32:21,521 [INFO] [Self-Update] Funnel conversion logic dynamically optimized for cycle #164.
2026-09-20 09:32:21,521 [INFO] [Background Loop] Generating traffic content, running bot engagement, and monitoring Stripe vault...
2026-09-20 09:32:21,521 [INFO] [Success] Automated digital asset delivered. Passive income recorded.
2026-09-20 09:32:31,522 [INFO] [Evolution Cycle #165] Scanning trending niches...
2026-09-20 09:32:31,522 [INFO] [Self-Update] Funnel conversion logic dynamically optimized for cycle #165.
2026-09-20 09:32:31,522 [INFO] [Background Loop] Generating traffic content, running bot engagement, and monitoring Stripe vault...
2026-09-20 09:32:31,522 [INFO] [Success] Automated digital asset delivered. Passive income recorded.
2026-09-20 09:32:41,522 [INFO] [Evolution Cycle #166] Scanning trending niches...
2026-09-20 09:32:41,522 [INFO] [Self-Update] Funnel conversion logic dynamically optimized for cycle #166.
2026-09-20 09:32:41,522 [INFO] [Background Loop] Generating traffic content, running bot engagement, and monitoring Stripe vault...
2026-09-20 09:32:41,522 [INFO] [Success] Automated digital asset delivered. Passive income recorded.
2026-09-20 09:32:51,523 [INFO] [Evolution Cycle #167] Scanning trending niches...
2026-09-20 09:32:51,523 [INFO] [Self-Update] Funnel conversion logic dynamically optimized for cycle #167.
2026-09-20 09:32:51,523 [INFO] [Background Loop] Generating traffic content, running bot engagement, and monitoring Stripe vault...
2026-09-20 09:32:51,523 [INFO] [Success] Automated digital asset delivered. Passive income recorded.
2026-09-20 09:33:01,523 [INFO] [Evolution Cycle #168] Scanning trending niches...
2026-09-20 09:33:01,523 [INFO] [Self-Update] Funnel conversion logic dynamically optimized for cycle #168.
2026-09-20 09:33:01,523 [INFO] [Background Loop] Generating traffic content, running bot engagement, and monitoring Stripe vault...
2026-09-20 09:33:01,523 [INFO] [Success] Automated digital asset delivered. Passive income recorded.
2026-09-20 09:33:11,524 [INFO] [Evolution Cycle #169] Scanning trending niches...
2026-09-20 09:33:11,524 [INFO] [Self-Update] Funnel conversion logic dynamically optimized for cycle #169.
2026-09-20 09:33:11,524 [INFO] [Background Loop] Generating traffic content, running bot engagement, and monitoring Stripe vault...
2026-09-20 09:33:11,524 [INFO] [Success] Automated digital asset delivered. Passive income recorded.
2026-09-20 09:33:21,524 [INFO] [Evolution Cycle #170] Scanning trending niches...
2026-09-20 09:33:21,524 [INFO] [Self-Update] Funnel conversion logic dynamically optimized for cycle #170.
2026-09-20 09:33:21,524 [INFO] [Background Loop] Generating traffic content, running bot engagement, and monitoring Stripe vault...
2026-09-20 09:33:21,524 [INFO] [Success] Automated digital asset delivered. Passive income recorded.
2026-09-20 09:33:31,524 [INFO] [Evolution Cycle #171] Scanning trending niches...
2026-09-20 09:33:31,525 [INFO] [Self-Update] Funnel conversion logic dynamically optimized for cycle #171.
2026-09-20 09:33:31,525 [INFO] [Background Loop] Generating traffic content, running bot engagement, and monitoring Stripe vault...
2026-09-20 09:33:31,525 [INFO] [Success] Automated digital asset delivered. Passive income recorded.
2026-09-20 09:33:41,525 [INFO] [Evolution Cycle #172] Scanning trending niches...
2026-09-20 09:33:41,525 [INFO] [Self-Update] Funnel conversion logic dynamically optimized for cycle #172.
2026-09-20 09:33:41,525 [INFO] [Background Loop] Generating traffic content, running bot engagement, and monitoring Stripe vault...
2026-09-20 09:33:41,525 [INFO] [Success] Automated digital asset delivered. Passive income recorded.
2026-09-20 09:33:51,525 [INFO] [Evolution Cycle #173] Scanning trending niches...
2026-09-20 09:33:51,526 [INFO] [Self-Update] Funnel conversion logic dynamically optimized for cycle #173.
2026-09-20 09:33:51,526 [INFO] [Background Loop] Generating traffic content, running bot engagement, and monitoring Stripe vault...
2026-09-20 09:33:51,527 [INFO] [Success] Automated digital asset delivered. Passive income recorded.
2026-09-20 09:34:01,527 [INFO] [Evolution Cycle #174] Scanning trending niches...
2026-09-20 09:34:01,527 [INFO] [Self-Update] Funnel conversion logic dynamically optimized for cycle #174.
2026-09-20 09:34:01,527 [INFO] [Background Loop] Generating traffic content, running bot engagement, and monitoring Stripe vault...
2026-09-20 09:34:01,527 [INFO] [Success] Automated digital asset delivered. Passive income recorded.
2026-09-20 09:34:11,528 [INFO] [Evolution Cycle #175] Scanning trending niches...
2026-09-20 09:34:11,528 [INFO] [Self-Update] Funnel conversion logic dynamically optimized for cycle #175.
2026-09-20 09:34:11,528 [INFO] [Background Loop] Generating traffic content, running bot engagement, and monitoring Stripe vault...
2026-09-20 09:34:11,528 [INFO] [Success] Automated digital asset delivered. Passive income recorded.
2026-09-20 09:34:21,528 [INFO] [Evolution Cycle #176] Scanning trending niches...
2026-09-20 09:34:21,528 [INFO] [Self-Update] Funnel conversion logic dynamically optimized for cycle #176.
2026-09-20 09:34:21,528 [INFO] [Background Loop] Generating traffic content, running bot engagement, and monitoring Stripe vault...
2026-09-20 09:34:21,528 [INFO] [Success] Automated digital asset delivered. Passive income recorded.
2026-09-20 09:34:31,528 [INFO] [Evolution Cycle #177] Scanning trending niches...
2026-09-20 09:34:31,529 [INFO] [Self-Update] Funnel conversion logic dynamically optimized for cycle #177.
2026-09-20 09:34:31,529 [INFO] [Background Loop] Generating traffic content, running bot engagement, and monitoring Stripe vault...
2026-09-20 09:34:31,529 [INFO] [Success] Automated digital asset delivered. Passive income recorded.
2026-09-20 09:34:41,529 [INFO] [Evolution Cycle #178] Scanning trending niches...
2026-09-20 09:34:41,529 [INFO] [Self-Update] Funnel conversion logic dynamically optimized for cycle #178.
2026-09-20 09:34:41,529 [INFO] [Background Loop] Generating traffic content, running bot engagement, and monitoring Stripe vault...
2026-09-20 09:34:41,529 [INFO] [Success] Automated digital asset delivered. Passive income recorded.
2026-09-20 09:34:51,529 [INFO] [Evolution Cycle #179] Scanning trending niches...
2026-09-20 09:34:51,530 [INFO] [Self-Update] Funnel conversion logic dynamically optimized for cycle #179.
2026-09-20 09:34:51,530 [INFO] [Background Loop] Generating traffic content, running bot engagement, and monitoring Stripe vault...
2026-09-20 09:34:51,530 [INFO] [Success] Automated digital asset delivered. Passive income recorded.
2026-09-20 09:35:01,530 [INFO] [Evolution Cycle #180] Scanning trending niches...
2026-09-20 09:35:01,530 [INFO] [Self-Update] Funnel conversion logic dynamically optimized for cycle #180.
2026-09-20 09:35:01,530 [INFO] [Background Loop] Generating traffic content, running bot engagement, and monitoring Stripe vault...
2026-09-20 09:35:01,530 [INFO] [Success] Automated digital asset delivered. Passive income recorded.
2026-09-20 09:35:11,531 [INFO] [Evolution Cycle #181] Scanning trending niches...
2026-09-20 09:35:11,531 [INFO] [Self-Update] Funnel conversion logic dynamically optimized for cycle #181.
2026-09-20 09:35:11,531 [INFO] [Background Loop] Generating traffic content, running bot engagement, and monitoring Stripe vault...
2026-09-20 09:35:11,531 [INFO] [Success] Automated digital asset delivered. Passive income recorded.
2026-09-20 09:35:21,531 [INFO] [Evolution Cycle #182] Scanning trending niches...
2026-09-20 09:35:21,531 [INFO] [Self-Update] Funnel conversion logic dynamically optimized for cycle #182.
2026-09-20 09:35:21,531 [INFO] [Background Loop] Generating traffic content, running bot engagement, and monitoring Stripe vault...
2026-09-20 09:35:21,531 [INFO] [Success] Automated digital asset delivered. Passive income recorded.
2026-09-20 09:35:31,531 [INFO] [Evolution Cycle #183] Scanning trending niches...
2026-09-20 09:35:31,532 [INFO] [Self-Update] Funnel conversion logic dynamically optimized for cycle #183.
2026-09-20 09:35:31,532 [INFO] [Background Loop] Generating traffic content, running bot engagement, and monitoring Stripe vault...
2026-09-20 09:35:31,532 [INFO] [Success] Automated digital asset delivered. Passive income recorded.
2026-09-20 09:35:41,532 [INFO] [Evolution Cycle #184] Scanning trending niches...
2026-09-20 09:35:41,532 [INFO] [Self-Update] Funnel conversion logic dynamically optimized for cycle #184.
2026-09-20 09:35:41,532 [INFO] [Background Loop] Generating traffic content, running bot engagement, and monitoring Stripe vault...
2026-09-20 09:35:41,532 [INFO] [Success] Automated digital asset delivered. Passive income recorded.
2026-09-20 09:35:51,532 [INFO] [Evolution Cycle #185] Scanning trending niches...
2026-09-20 09:35:51,533 [INFO] [Self-Update] Funnel conversion logic dynamically optimized for cycle #185.
2026-09-20 09:35:51,533 [INFO] [Background Loop] Generating traffic content, running bot engagement, and monitoring Stripe vault...
2026-09-20 09:35:51,533 [INFO] [Success] Automated digital asset delivered. Passive income recorded.
2026-09-20 09:36:01,533 [INFO] [Evolution Cycle #186] Scanning trending niches...
2026-09-20 09:36:01,533 [INFO] [Self-Update] Funnel conversion logic dynamically optimized for cycle #186.
2026-09-20 09:36:01,533 [INFO] [Background Loop] Generating traffic content, running bot engagement, and monitoring Stripe vault...
2026-09-20 09:36:01,533 [INFO] [Success] Automated digital asset delivered. Passive income recorded.
2026-09-20 09:36:11,533 [INFO] [Evolution Cycle #187] Scanning trending niches...
2026-09-20 09:36:11,534 [INFO] [Self-Update] Funnel conversion logic dynamically optimized for cycle #187.
2026-09-20 09:36:11,534 [INFO] [Background Loop] Generating traffic content, running bot engagement, and monitoring Stripe vault...
2026-09-20 09:36:11,534 [INFO] [Success] Automated digital asset delivered. Passive income recorded.
2026-09-20 09:36:21,534 [INFO] [Evolution Cycle #188] Scanning trending niches...
2026-09-20 09:36:21,534 [INFO] [Self-Update] Funnel conversion logic dynamically optimized for cycle #188.
2026-09-20 09:36:21,534 [INFO] [Background Loop] Generating traffic content, running bot engagement, and monitoring Stripe vault...
2026-09-20 09:36:21,534 [INFO] [Success] Automated digital asset delivered. Passive income recorded.
2026-09-20 09:36:31,535 [INFO] [Evolution Cycle #189] Scanning trending niches...
2026-09-20 09:36:31,535 [INFO] [Self-Update] Funnel conversion logic dynamically optimized for cycle #189.
2026-09-20 09:36:31,535 [INFO] [Background Loop] Generating traffic content, running bot engagement, and monitoring Stripe vault...
2026-09-20 09:36:31,535 [INFO] [Success] Automated digital asset delivered. Passive income recorded.
2026-09-20 09:36:41,535 [INFO] [Evolution Cycle #190] Scanning trending niches...
2026-09-20 09:36:41,535 [INFO] [Self-Update] Funnel conversion logic dynamically optimized for cycle #190.
2026-09-20 09:36:41,535 [INFO] [Background Loop] Generating traffic content, running bot engagement, and monitoring Stripe vault...
2026-09-20 09:36:41,535 [INFO] [Success] Automated digital asset delivered. Passive income recorded.
2026-09-20 09:36:51,535 [INFO] [Evolution Cycle #191] Scanning trending niches...
2026-09-20 09:36:51,536 [INFO] [Self-Update] Funnel conversion logic dynamically optimized for cycle #191.
2026-09-20 09:36:51,536 [INFO] [Background Loop] Generating traffic content, running bot engagement, and monitoring Stripe vault...
2026-09-20 09:36:51,536 [INFO] [Success] Automated digital asset delivered. Passive income recorded.
2026-09-20 09:37:01,536 [INFO] [Evolution Cycle #192] Scanning trending niches...
2026-09-20 09:37:01,536 [INFO] [Self-Update] Funnel conversion logic dynamically optimized for cycle #192.
2026-09-20 09:37:01,536 [INFO] [Background Loop] Generating traffic content, running bot engagement, and monitoring Stripe vault...
2026-09-20 09:37:01,536 [INFO] [Success] Automated digital asset delivered. Passive income recorded.
2026-09-20 09:37:11,537 [INFO] [Evolution Cycle #193] Scanning trending niches...
2026-09-20 09:37:11,537 [INFO] [Self-Update] Funnel conversion logic dynamically optimized for cycle #193.
2026-09-20 09:37:11,537 [INFO] [Background Loop] Generating traffic content, running bot engagement, and monitoring Stripe vault...
2026-09-20 09:37:11,537 [INFO] [Success] Automated digital asset delivered. Passive income recorded.
2026-09-20 09:37:21,537 [INFO] [Evolution Cycle #194] Scanning trending niches...
2026-09-20 09:37:21,537 [INFO] [Self-Update] Funnel conversion logic dynamically optimized for cycle #194.
2026-09-20 09:37:21,537 [INFO] [Background Loop] Generating traffic content, running bot engagement, and monitoring Stripe vault...
2026-09-20 09:37:21,537 [INFO] [Success] Automated digital asset delivered. Passive income recorded.
2026-09-20 09:37:31,538 [INFO] [Evolution Cycle #195] Scanning trending niches...
2026-09-20 09:37:31,538 [INFO] [Self-Update] Funnel conversion logic dynamically optimized for cycle #195.
2026-09-20 09:37:31,538 [INFO] [Background Loop] Generating traffic content, running bot engagement, and monitoring Stripe vault...
2026-09-20 09:37:31,538 [INFO] [Success] Automated digital asset delivered. Passive income recorded.
2026-09-20 09:37:41,538 [INFO] [Evolution Cycle #196] Scanning trending niches...
2026-09-20 09:37:41,538 [INFO] [Self-Update] Funnel conversion logic dynamically optimized for cycle #196.
2026-09-20 09:37:41,538 [INFO] [Background Loop] Generating traffic content, running bot engagement, and monitoring Stripe vault...
2026-09-20 09:37:41,538 [INFO] [Success] Automated digital asset delivered. Passive income recorded.
2026-09-20 09:37:51,539 [INFO] [Evolution Cycle #197] Scanning trending niches...
2026-09-20 09:37:51,539 [INFO] [Self-Update] Funnel conversion logic dynamically optimized for cycle #197.
2026-09-20 09:37:51,539 [INFO] [Background Loop] Generating traffic content, running bot engagement, and monitoring Stripe vault...
2026-09-20 09:37:51,539 [INFO] [Success] Automated digital asset delivered. Passive income recorded.
2026-09-20 09:38:01,539 [INFO] [Evolution Cycle #198] Scanning trending niches...
2026-09-20 09:38:01,540 [INFO] [Self-Update] Funnel conversion logic dynamically optimized for cycle #198.
2026-09-20 09:38:01,540 [INFO] [Background Loop] Generating traffic content, running bot engagement, and monitoring Stripe vault...
2026-09-20 09:38:01,540 [INFO] [Success] Automated digital asset delivered. Passive income recorded.
2026-09-20 09:38:11,540 [INFO] [Evolution Cycle #199] Scanning trending niches...
2026-09-20 09:38:11,540 [INFO] [Self-Update] Funnel conversion logic dynamically optimized for cycle #199.
2026-09-20 09:38:11,540 [INFO] [Background Loop] Generating traffic content, running bot engagement, and monitoring Stripe vault...
2026-09-20 09:38:11,540 [INFO] [Success] Automated digital asset delivered. Passive income recorded.
2026-09-20 09:38:21,540 [INFO] [Evolution Cycle #200] Scanning trending niches...
2026-09-20 09:38:21,540 [INFO] [Self-Update] Funnel conversion logic dynamically optimized for cycle #200.
2026-09-20 09:38:21,541 [INFO] [Background Loop] Generating traffic content, running bot engagement, and monitoring Stripe vault...
2026-09-20 09:38:21,541 [INFO] [Success] Automated digital asset delivered. Passive income recorded.
2026-09-20 09:38:31,541 [INFO] [Evolution Cycle #201] Scanning trending niches...
2026-09-20 09:38:31,541 [INFO] [Self-Update] Funnel conversion logic dynamically optimized for cycle #201.
2026-09-20 09:38:31,541 [INFO] [Background Loop] Generating traffic content, running bot engagement, and monitoring Stripe vault...
2026-09-20 09:38:31,542 [INFO] [Success] Automated digital asset delivered. Passive income recorded.
2026-09-20 09:38:41,542 [INFO] [Evolution Cycle #202] Scanning trending niches...
2026-09-20 09:38:41,542 [INFO] [Self-Update] Funnel conversion logic dynamically optimized for cycle #202.
2026-09-20 09:38:41,542 [INFO] [Background Loop] Generating traffic content, running bot engagement, and monitoring Stripe vault...
2026-09-20 09:38:41,542 [INFO] [Success] Automated digital asset delivered. Passive income recorded.
2026-09-20 09:38:51,542 [INFO] [Evolution Cycle #203] Scanning trending niches...
2026-09-20 09:38:51,542 [INFO] [Self-Update] Funnel conversion logic dynamically optimized for cycle #203.
2026-09-20 09:38:51,543 [INFO] [Background Loop] Generating traffic content, running bot engagement, and monitoring Stripe vault...
2026-09-20 09:38:51,543 [INFO] [Success] Automated digital asset delivered. Passive income recorded.
2026-09-20 09:39:01,543 [INFO] [Evolution Cycle #204] Scanning trending niches...
2026-09-20 09:39:01,544 [INFO] [Self-Update] Funnel conversion logic dynamically optimized for cycle #204.
2026-09-20 09:39:01,544 [INFO] [Background Loop] Generating traffic content, running bot engagement, and monitoring Stripe vault...
2026-09-20 09:39:01,544 [INFO] [Success] Automated digital asset delivered. Passive income recorded.
2026-09-20 09:39:11,545 [INFO] [Evolution Cycle #205] Scanning trending niches...
2026-09-20 09:39:11,545 [INFO] [Self-Update] Funnel conversion logic dynamically optimized for cycle #205.
2026-09-20 09:39:11,545 [INFO] [Background Loop] Generating traffic content, running bot engagement, and monitoring Stripe vault...
2026-09-20 09:39:11,545 [INFO] [Success] Automated digital asset delivered. Passive income recorded.
2026-09-20 09:39:21,545 [INFO] [Evolution Cycle #206] Scanning trending niches...
2026-09-20 09:39:21,545 [INFO] [Self-Update] Funnel conversion logic dynamically optimized for cycle #206.
2026-09-20 09:39:21,545 [INFO] [Background Loop] Generating traffic content, running bot engagement, and monitoring Stripe vault...
2026-09-20 09:39:21,545 [INFO] [Success] Automated digital asset delivered. Passive income recorded.
2026-09-20 09:39:31,546 [INFO] [Evolution Cycle #207] Scanning trending niches...
2026-09-20 09:39:31,546 [INFO] [Self-Update] Funnel conversion logic dynamically optimized for cycle #207.
2026-09-20 09:39:31,546 [INFO] [Background Loop] Generating traffic content, running bot engagement, and monitoring Stripe vault...
2026-09-20 09:39:31,546 [INFO] [Success] Automated digital asset delivered. Passive income recorded.
2026-09-20 09:39:41,546 [INFO] [Evolution Cycle #208] Scanning trending niches...
2026-09-20 09:39:41,546 [INFO] [Self-Update] Funnel conversion logic dynamically optimized for cycle #208.
2026-09-20 09:39:41,546 [INFO] [Background Loop] Generating traffic content, running bot engagement, and monitoring Stripe vault...
2026-09-20 09:39:41,546 [INFO] [Success] Automated digital asset delivered. Passive income recorded.
2026-09-20 09:39:51,546 [INFO] [Evolution Cycle #209] Scanning trending niches...
2026-09-20 09:39:51,547 [INFO] [Self-Update] Funnel conversion logic dynamically optimized for cycle #209.
2026-09-20 09:39:51,547 [INFO] [Background Loop] Generating traffic content, running bot engagement, and monitoring Stripe vault...
2026-09-20 09:39:51,547 [INFO] [Success] Automated digital asset delivered. Passive income recorded.
2026-09-20 09:40:01,547 [INFO] [Evolution Cycle #210] Scanning trending niches...
2026-09-20 09:40:01,547 [INFO] [Self-Update] Funnel conversion logic dynamically optimized for cycle #210.
2026-09-20 09:40:01,547 [INFO] [Background Loop] Generating traffic content, running bot engagement, and monitoring Stripe vault...
2026-09-20 09:40:01,547 [INFO] [Success] Automated digital asset delivered. Passive income recorded.
2026-09-20 09:40:11,547 [INFO] [Evolution Cycle #211] Scanning trending niches...
2026-09-20 09:40:11,548 [INFO] [Self-Update] Funnel conversion logic dynamically optimized for cycle #211.
2026-09-20 09:40:11,548 [INFO] [Background Loop] Generating traffic content, running bot engagement, and monitoring Stripe vault...
2026-09-20 09:40:11,548 [INFO] [Success] Automated digital asset delivered. Passive income recorded.
2026-09-20 09:40:21,548 [INFO] [Evolution Cycle #212] Scanning trending niches...
2026-09-20 09:40:21,548 [INFO] [Self-Update] Funnel conversion logic dynamically optimized for cycle #212.
2026-09-20 09:40:21,548 [INFO] [Background Loop] Generating traffic content, running bot engagement, and monitoring Stripe vault...
2026-09-20 09:40:21,548 [INFO] [Success] Automated digital asset delivered. Passive income recorded.
2026-09-20 09:40:31,549 [INFO] [Evolution Cycle #213] Scanning trending niches...
2026-09-20 09:40:31,549 [INFO] [Self-Update] Funnel conversion logic dynamically optimized for cycle #213.
2026-09-20 09:40:31,549 [INFO] [Background Loop] Generating traffic content, running bot engagement, and monitoring Stripe vault...
2026-09-20 09:40:31,549 [INFO] [Success] Automated digital asset delivered. Passive income recorded.
2026-09-20 09:40:41,549 [INFO] [Evolution Cycle #214] Scanning trending niches...
2026-09-20 09:40:41,549 [INFO] [Self-Update] Funnel conversion logic dynamically optimized for cycle #214.
2026-09-20 09:40:41,549 [INFO] [Background Loop] Generating traffic content, running bot engagement, and monitoring Stripe vault...
2026-09-20 09:40:41,549 [INFO] [Success] Automated digital asset delivered. Passive income recorded.
2026-09-20 09:40:51,550 [INFO] [Evolution Cycle #215] Scanning trending niches...
2026-09-20 09:40:51,550 [INFO] [Self-Update] Funnel conversion logic dynamically optimized for cycle #215.
2026-09-20 09:40:51,550 [INFO] [Background Loop] Generating traffic content, running bot engagement, and monitoring Stripe vault...
2026-09-20 09:40:51,550 [INFO] [Success] Automated digital asset delivered. Passive income recorded.
2026-09-20 09:41:01,550 [INFO] [Evolution Cycle #216] Scanning trending niches...
2026-09-20 09:41:01,550 [INFO] [Self-Update] Funnel conversion logic dynamically optimized for cycle #216.
2026-09-20 09:41:01,550 [INFO] [Background Loop] Generating traffic content, running bot engagement, and monitoring Stripe vault...
2026-09-20 09:41:01,550 [INFO] [Success] Automated digital asset delivered. Passive income recorded.
2026-09-20 09:41:11,551 [INFO] [Evolution Cycle #217] Scanning trending niches...
2026-09-20 09:41:11,551 [INFO] [Self-Update] Funnel conversion logic dynamically optimized for cycle #217.
2026-09-20 09:41:11,551 [INFO] [Background Loop] Generating traffic content, running bot engagement, and monitoring Stripe vault...
2026-09-20 09:41:11,551 [INFO] [Success] Automated digital asset delivered. Passive income recorded.
2026-09-20 09:41:21,551 [INFO] [Evolution Cycle #218] Scanning trending niches...
2026-09-20 09:41:21,551 [INFO] [Self-Update] Funnel conversion logic dynamically optimized for cycle #218.
2026-09-20 09:41:21,551 [INFO] [Background Loop] Generating traffic content, running bot engagement, and monitoring Stripe vault...
2026-09-20 09:41:21,552 [INFO] [Success] Automated digital asset delivered. Passive income recorded.
2026-09-20 09:41:31,552 [INFO] [Evolution Cycle #219] Scanning trending niches...
2026-09-20 09:41:31,552 [INFO] [Self-Update] Funnel conversion logic dynamically optimized for cycle #219.
2026-09-20 09:41:31,552 [INFO] [Background Loop] Generating traffic content, running bot engagement, and monitoring Stripe vault...
2026-09-20 09:41:31,552 [INFO] [Success] Automated digital asset delivered. Passive income recorded.
2026-09-20 09:41:41,552 [INFO] [Evolution Cycle #220] Scanning trending niches...
2026-09-20 09:41:41,552 [INFO] [Self-Update] Funnel conversion logic dynamically optimized for cycle #220.
2026-09-20 09:41:41,553 [INFO] [Background Loop] Generating traffic content, running bot engagement, and monitoring Stripe vault...
2026-09-20 09:41:41,553 [INFO] [Success] Automated digital asset delivered. Passive income recorded.
2026-09-20 09:41:51,553 [INFO] [Evolution Cycle #221] Scanning trending niches...
2026-09-20 09:41:51,553 [INFO] [Self-Update] Funnel conversion logic dynamically optimized for cycle #221.
2026-09-20 09:41:51,553 [INFO] [Background Loop] Generating traffic content, running bot engagement, and monitoring Stripe vault...
2026-09-20 09:41:51,553 [INFO] [Success] Automated digital asset delivered. Passive income recorded.
2026-09-20 09:42:01,553 [INFO] [Evolution Cycle #222] Scanning trending niches...
2026-09-20 09:42:01,554 [INFO] [Self-Update] Funnel conversion logic dynamically optimized for cycle #222.
2026-09-20 09:42:01,554 [INFO] [Background Loop] Generating traffic content, running bot engagement, and monitoring Stripe vault...
2026-09-20 09:42:01,554 [INFO] [Success] Automated digital asset delivered. Passive income recorded.
2026-09-20 09:42:11,554 [INFO] [Evolution Cycle #223] Scanning trending niches...
2026-09-20 09:42:11,554 [INFO] [Self-Update] Funnel conversion logic dynamically optimized for cycle #223.
2026-09-20 09:42:11,554 [INFO] [Background Loop] Generating traffic content, running bot engagement, and monitoring Stripe vault...
2026-09-20 09:42:11,554 [INFO] [Success] Automated digital asset delivered. Passive income recorded.
2026-09-20 09:42:21,554 [INFO] [Evolution Cycle #224] Scanning trending niches...
2026-09-20 09:42:21,554 [INFO] [Self-Update] Funnel conversion logic dynamically optimized for cycle #224.
2026-09-20 09:42:21,555 [INFO] [Background Loop] Generating traffic content, running bot engagement, and monitoring Stripe vault...
2026-09-20 09:42:21,555 [INFO] [Success] Automated digital asset delivered. Passive income recorded.
2026-09-20 09:42:31,555 [INFO] [Evolution Cycle #225] Scanning trending niches...
2026-09-20 09:42:31,555 [INFO] [Self-Update] Funnel conversion logic dynamically optimized for cycle #225.
2026-09-20 09:42:31,555 [INFO] [Background Loop] Generating traffic content, running bot engagement, and monitoring Stripe vault...
2026-09-20 09:42:31,555 [INFO] [Success] Automated digital asset delivered. Passive income recorded.
2026-09-20 09:42:41,556 [INFO] [Evolution Cycle #226] Scanning trending niches...
2026-09-20 09:42:41,556 [INFO] [Self-Update] Funnel conversion logic dynamically optimized for cycle #226.
2026-09-20 09:42:41,556 [INFO] [Background Loop] Generating traffic content, running bot engagement, and monitoring Stripe vault...
2026-09-20 09:42:41,556 [INFO] [Success] Automated digital asset delivered. Passive income recorded.
2026-09-20 09:42:51,556 [INFO] [Evolution Cycle #227] Scanning trending niches...
2026-09-20 09:42:51,556 [INFO] [Self-Update] Funnel conversion logic dynamically optimized for cycle #227.
2026-09-20 09:42:51,556 [INFO] [Background Loop] Generating traffic content, running bot engagement, and monitoring Stripe vault...
2026-09-20 09:42:51,556 [INFO] [Success] Automated digital asset delivered. Passive income recorded.
2026-09-20 09:43:01,557 [INFO] [Evolution Cycle #228] Scanning trending niches...
2026-09-20 09:43:01,557 [INFO] [Self-Update] Funnel conversion logic dynamically optimized for cycle #228.
2026-09-20 09:43:01,557 [INFO] [Background Loop] Generating traffic content, running bot engagement, and monitoring Stripe vault...
2026-09-20 09:43:01,557 [INFO] [Success] Automated digital asset delivered. Passive income recorded.
2026-09-20 09:43:11,557 [INFO] [Evolution Cycle #229] Scanning trending niches...
2026-09-20 09:43:11,557 [INFO] [Self-Update] Funnel conversion logic dynamically optimized for cycle #229.
2026-09-20 09:43:11,557 [INFO] [Background Loop] Generating traffic content, running bot engagement, and monitoring Stripe vault...
2026-09-20 09:43:11,557 [INFO] [Success] Automated digital asset delivered. Passive income recorded.
2026-09-20 09:43:21,558 [INFO] [Evolution Cycle #230] Scanning trending niches...
2026-09-20 09:43:21,558 [INFO] [Self-Update] Funnel conversion logic dynamically optimized for cycle #230.
2026-09-20 09:43:21,558 [INFO] [Background Loop] Generating traffic content, running bot engagement, and monitoring Stripe vault...
2026-09-20 09:43:21,558 [INFO] [Success] Automated digital asset delivered. Passive income recorded.
2026-09-20 09:43:31,558 [INFO] [Evolution Cycle #231] Scanning trending niches...
2026-09-20 09:43:31,558 [INFO] [Self-Update] Funnel conversion logic dynamically optimized for cycle #231.
2026-09-20 09:43:31,558 [INFO] [Background Loop] Generating traffic content, running bot engagement, and monitoring Stripe vault...
2026-09-20 09:43:31,558 [INFO] [Success] Automated digital asset delivered. Passive income recorded.
2026-09-20 09:43:41,559 [INFO] [Evolution Cycle #232] Scanning trending niches...
2026-09-20 09:43:41,559 [INFO] [Self-Update] Funnel conversion logic dynamically optimized for cycle #232.
2026-09-20 09:43:41,559 [INFO] [Background Loop] Generating traffic content, running bot engagement, and monitoring Stripe vault...
2026-09-20 09:43:41,559 [INFO] [Success] Automated digital asset delivered. Passive income recorded.
2026-09-20 09:43:51,559 [INFO] [Evolution Cycle #233] Scanning trending niches...
2026-09-20 09:43:51,559 [INFO] [Self-Update] Funnel conversion logic dynamically optimized for cycle #233.
2026-09-20 09:43:51,559 [INFO] [Background Loop] Generating traffic content, running bot engagement, and monitoring Stripe vault...
2026-09-20 09:43:51,559 [INFO] [Success] Automated digital asset delivered. Passive income recorded.
2026-09-20 09:44:01,560 [INFO] [Evolution Cycle #234] Scanning trending niches...
2026-09-20 09:44:01,560 [INFO] [Self-Update] Funnel conversion logic dynamically optimized for cycle #234.
2026-09-20 09:44:01,560 [INFO] [Background Loop] Generating traffic content, running bot engagement, and monitoring Stripe vault...
2026-09-20 09:44:01,560 [INFO] [Success] Automated digital asset delivered. Passive income recorded.
2026-09-20 09:44:11,560 [INFO] [Evolution Cycle #235] Scanning trending niches...
2026-09-20 09:44:11,560 [INFO] [Self-Update] Funnel conversion logic dynamically optimized for cycle #235.
2026-09-20 09:44:11,560 [INFO] [Background Loop] Generating traffic content, running bot engagement, and monitoring Stripe vault...
2026-09-20 09:44:11,560 [INFO] [Success] Automated digital asset delivered. Passive income recorded.
2026-09-20 09:44:21,561 [INFO] [Evolution Cycle #236] Scanning trending niches...
2026-09-20 09:44:21,561 [INFO] [Self-Update] Funnel conversion logic dynamically optimized for cycle #236.
2026-09-20 09:44:21,561 [INFO] [Background Loop] Generating traffic content, running bot engagement, and monitoring Stripe vault...
2026-09-20 09:44:21,561 [INFO] [Success] Automated digital asset delivered. Passive income recorded.
2026-09-20 09:44:31,563 [INFO] [Evolution Cycle #237] Scanning trending niches...
2026-09-20 09:44:31,563 [INFO] [Self-Update] Funnel conversion logic dynamically optimized for cycle #237.
2026-09-20 09:44:31,564 [INFO] [Background Loop] Generating traffic content, running bot engagement, and monitoring Stripe vault...
2026-09-20 09:44:31,564 [INFO] [Success] Automated digital asset delivered. Passive income recorded.
2026-09-20 09:44:41,564 [INFO] [Evolution Cycle #238] Scanning trending niches...
2026-09-20 09:44:41,564 [INFO] [Self-Update] Funnel conversion logic dynamically optimized for cycle #238.
2026-09-20 09:44:41,564 [INFO] [Background Loop] Generating traffic content, running bot engagement, and monitoring Stripe vault...
2026-09-20 09:44:41,564 [INFO] [Success] Automated digital asset delivered. Passive income recorded.
2026-09-20 09:44:51,565 [INFO] [Evolution Cycle #239] Scanning trending niches...
2026-09-20 09:44:51,565 [INFO] [Self-Update] Funnel conversion logic dynamically optimized for cycle #239.
2026-09-20 09:44:51,565 [INFO] [Background Loop] Generating traffic content, running bot engagement, and monitoring Stripe vault...
2026-09-20 09:44:51,565 [INFO] [Success] Automated digital asset delivered. Passive income recorded.
2026-09-20 09:45:01,565 [INFO] [Evolution Cycle #240] Scanning trending niches...
2026-09-20 09:45:01,565 [INFO] [Self-Update] Funnel conversion logic dynamically optimized for cycle #240.
2026-09-20 09:45:01,565 [INFO] [Background Loop] Generating traffic content, running bot engagement, and monitoring Stripe vault...
2026-09-20 09:45:01,565 [INFO] [Success] Automated digital asset delivered. Passive income recorded.
2026-09-20 09:45:11,565 [INFO] [Evolution Cycle #241] Scanning trending niches...
2026-09-20 09:45:11,566 [INFO] [Self-Update] Funnel conversion logic dynamically optimized for cycle #241.
2026-09-20 09:45:11,566 [INFO] [Background Loop] Generating traffic content, running bot engagement, and monitoring Stripe vault...
2026-09-20 09:45:11,566 [INFO] [Success] Automated digital asset delivered. Passive income recorded.
2026-09-20 09:45:21,566 [INFO] [Evolution Cycle #242] Scanning trending niches...
2026-09-20 09:45:21,566 [INFO] [Self-Update] Funnel conversion logic dynamically optimized for cycle #242.
2026-09-20 09:45:21,566 [INFO] [Background Loop] Generating traffic content, running bot engagement, and monitoring Stripe vault...
2026-09-20 09:45:21,566 [INFO] [Success] Automated digital asset delivered. Passive income recorded.
2026-09-20 09:45:31,567 [INFO] [Evolution Cycle #243] Scanning trending niches...
2026-09-20 09:45:31,567 [INFO] [Self-Update] Funnel conversion logic dynamically optimized for cycle #243.
2026-09-20 09:45:31,567 [INFO] [Background Loop] Generating traffic content, running bot engagement, and monitoring Stripe vault...
2026-09-20 09:45:31,567 [INFO] [Success] Automated digital asset delivered. Passive income recorded.
2026-09-20 09:45:41,567 [INFO] [Evolution Cycle #244] Scanning trending niches...
2026-09-20 09:45:41,567 [INFO] [Self-Update] Funnel conversion logic dynamically optimized for cycle #244.
2026-09-20 09:45:41,567 [INFO] [Background Loop] Generating traffic content, running bot engagement, and monitoring Stripe vault...
2026-09-20 09:45:41,567 [INFO] [Success] Automated digital asset delivered. Passive income recorded.
2026-09-20 09:45:51,568 [INFO] [Evolution Cycle #245] Scanning trending niches...
2026-09-20 09:45:51,568 [INFO] [Self-Update] Funnel conversion logic dynamically optimized for cycle #245.
2026-09-20 09:45:51,568 [INFO] [Background Loop] Generating traffic content, running bot engagement, and monitoring Stripe vault...
2026-09-20 09:45:51,568 [INFO] [Success] Automated digital asset delivered. Passive income recorded.
2026-09-20 09:46:01,568 [INFO] [Evolution Cycle #246] Scanning trending niches...
2026-09-20 09:46:01,568 [INFO] [Self-Update] Funnel conversion logic dynamically optimized for cycle #246.
2026-09-20 09:46:01,568 [INFO] [Background Loop] Generating traffic content, running bot engagement, and monitoring Stripe vault...
2026-09-20 09:46:01,568 [INFO] [Success] Automated digital asset delivered. Passive income recorded.
2026-09-20 09:46:11,569 [INFO] [Evolution Cycle #247] Scanning trending niches...
2026-09-20 09:46:11,569 [INFO] [Self-Update] Funnel conversion logic dynamically optimized for cycle #247.
2026-09-20 09:46:11,569 [INFO] [Background Loop] Generating traffic content, running bot engagement, and monitoring Stripe vault...
2026-09-20 09:46:11,569 [INFO] [Success] Automated digital asset delivered. Passive income recorded.
2026-09-20 09:46:21,569 [INFO] [Evolution Cycle #248] Scanning trending niches...
2026-09-20 09:46:21,569 [INFO] [Self-Update] Funnel conversion logic dynamically optimized for cycle #248.
2026-09-20 09:46:21,569 [INFO] [Background Loop] Generating traffic content, running bot engagement, and monitoring Stripe vault...
2026-09-20 09:46:21,570 [INFO] [Success] Automated digital asset delivered. Passive income recorded.
2026-09-20 09:46:31,570 [INFO] [Evolution Cycle #249] Scanning trending niches...
2026-09-20 09:46:31,570 [INFO] [Self-Update] Funnel conversion logic dynamically optimized for cycle #249.
2026-09-20 09:46:31,570 [INFO] [Background Loop] Generating traffic content, running bot engagement, and monitoring Stripe vault...
2026-09-20 09:46:31,570 [INFO] [Success] Automated digital asset delivered. Passive income recorded.
2026-09-20 09:46:41,570 [INFO] [Evolution Cycle #250] Scanning trending niches...
2026-09-20 09:46:41,570 [INFO] [Self-Update] Funnel conversion logic dynamically optimized for cycle #250.
2026-09-20 09:46:41,570 [INFO] [Background Loop] Generating traffic content, running bot engagement, and monitoring Stripe vault...
2026-09-20 09:46:41,570 [INFO] [Success] Automated digital asset delivered. Passive income recorded.
2026-09-20 09:46:51,571 [INFO] [Evolution Cycle #251] Scanning trending niches...
2026-09-20 09:46:51,571 [INFO] [Self-Update] Funnel conversion logic dynamically optimized for cycle #251.
2026-09-20 09:46:51,571 [INFO] [Background Loop] Generating traffic content, running bot engagement, and monitoring Stripe vault...
2026-09-20 09:46:51,571 [INFO] [Success] Automated digital asset delivered. Passive income recorded.
2026-09-20 09:47:01,571 [INFO] [Evolution Cycle #252] Scanning trending niches...
2026-09-20 09:47:01,571 [INFO] [Self-Update] Funnel conversion logic dynamically optimized for cycle #252.
2026-09-20 09:47:01,571 [INFO] [Background Loop] Generating traffic content, running bot engagement, and monitoring Stripe vault...
2026-09-20 09:47:01,572 [INFO] [Success] Automated digital asset delivered. Passive income recorded.
2026-09-20 09:47:11,572 [INFO] [Evolution Cycle #253] Scanning trending niches...
2026-09-20 09:47:11,572 [INFO] [Self-Update] Funnel conversion logic dynamically optimized for cycle #253.
2026-09-20 09:47:11,572 [INFO] [Background Loop] Generating traffic content, running bot engagement, and monitoring Stripe vault...
2026-09-20 09:47:11,572 [INFO] [Success] Automated digital asset delivered. Passive income recorded.
2026-09-20 09:47:21,572 [INFO] [Evolution Cycle #254] Scanning trending niches...
2026-09-20 09:47:21,572 [INFO] [Self-Update] Funnel conversion logic dynamically optimized for cycle #254.
2026-09-20 09:47:21,572 [INFO] [Background Loop] Generating traffic content, running bot engagement, and monitoring Stripe vault...
2026-09-20 09:47:21,573 [INFO] [Success] Automated digital asset delivered. Passive income recorded.
2026-09-20 09:47:31,573 [INFO] [Evolution Cycle #255] Scanning trending niches...
2026-09-20 09:47:31,573 [INFO] [Self-Update] Funnel conversion logic dynamically optimized for cycle #255.
2026-09-20 09:47:31,573 [INFO] [Background Loop] Generating traffic content, running bot engagement, and monitoring Stripe vault...
2026-09-20 09:47:31,573 [INFO] [Success] Automated digital asset delivered. Passive income recorded.
2026-09-20 09:47:41,573 [INFO] [Evolution Cycle #256] Scanning trending niches...
2026-09-20 09:47:41,573 [INFO] [Self-Update] Funnel conversion logic dynamically optimized for cycle #256.
2026-09-20 09:47:41,573 [INFO] [Background Loop] Generating traffic content, running bot engagement, and monitoring Stripe vault...
2026-09-20 09:47:41,573 [INFO] [Success] Automated digital asset delivered. Passive income recorded.
2026-09-20 09:47:51,574 [INFO] [Evolution Cycle #257] Scanning trending niches...
2026-09-20 09:47:51,574 [INFO] [Self-Update] Funnel conversion logic dynamically optimized for cycle #257.
2026-09-20 09:47:51,574 [INFO] [Background Loop] Generating traffic content, running bot engagement, and monitoring Stripe vault...
2026-09-20 09:47:51,574 [INFO] [Success] Automated digital asset delivered. Passive income recorded.
2026-09-20 09:48:01,574 [INFO] [Evolution Cycle #258] Scanning trending niches...
2026-09-20 09:48:01,574 [INFO] [Self-Update] Funnel conversion logic dynamically optimized for cycle #258.
2026-09-20 09:48:01,574 [INFO] [Background Loop] Generating traffic content, running bot engagement, and monitoring Stripe vault...
2026-09-20 09:48:01,574 [INFO] [Success] Automated digital asset delivered. Passive income recorded.
2026-09-20 09:48:11,575 [INFO] [Evolution Cycle #259] Scanning trending niches...
2026-09-20 09:48:11,575 [INFO] [Self-Update] Funnel conversion logic dynamically optimized for cycle #259.
2026-09-20 09:48:11,575 [INFO] [Background Loop] Generating traffic content, running bot engagement, and monitoring Stripe vault...
2026-09-20 09:48:11,575 [INFO] [Success] Automated digital asset delivered. Passive income recorded.
2026-09-20 09:48:21,575 [INFO] [Evolution Cycle #260] Scanning trending niches...
2026-09-20 09:48:21,575 [INFO] [Self-Update] Funnel conversion logic dynamically optimized for cycle #260.
2026-09-20 09:48:21,575 [INFO] [Background Loop] Generating traffic content, running bot engagement, and monitoring Stripe vault...
2026-09-20 09:48:21,575 [INFO] [Success] Automated digital asset delivered. Passive income recorded.
2026-09-20 09:48:31,576 [INFO] [Evolution Cycle #261] Scanning trending niches...
2026-09-20 09:48:31,576 [INFO] [Self-Update] Funnel conversion logic dynamically optimized for cycle #261.
2026-09-20 09:48:31,576 [INFO] [Background Loop] Generating traffic content, running bot engagement, and monitoring Stripe vault...
2026-09-20 09:48:31,576 [INFO] [Success] Automated digital asset delivered. Passive income recorded.
2026-09-20 09:48:41,576 [INFO] [Evolution Cycle #262] Scanning trending niches...
2026-09-20 09:48:41,576 [INFO] [Self-Update] Funnel conversion logic dynamically optimized for cycle #262.
2026-09-20 09:48:41,576 [INFO] [Background Loop] Generating traffic content, running bot engagement, and monitoring Stripe vault...
2026-09-20 09:48:41,577 [INFO] [Success] Automated digital asset delivered. Passive income recorded.
2026-09-20 09:48:51,577 [INFO] [Evolution Cycle #263] Scanning trending niches...
2026-09-20 09:48:51,577 [INFO] [Self-Update] Funnel conversion logic dynamically optimized for cycle #263.
2026-09-20 09:48:51,577 [INFO] [Background Loop] Generating traffic content, running bot engagement, and monitoring Stripe vault...
2026-09-20 09:48:51,577 [INFO] [Success] Automated digital asset delivered. Passive income recorded.
2026-09-20 09:49:01,577 [INFO] [Evolution Cycle #264] Scanning trending niches...
2026-09-20 09:49:01,577 [INFO] [Self-Update] Funnel conversion logic dynamically optimized for cycle #264.
2026-09-20 09:49:01,578 [INFO] [Background Loop] Generating traffic content, running bot engagement, and monitoring Stripe vault...
2026-09-20 09:49:01,578 [INFO] [Success] Automated digital asset delivered. Passive income recorded.
2026-09-20 09:49:11,578 [INFO] [Evolution Cycle #265] Scanning trending niches...
2026-09-20 09:49:11,578 [INFO] [Self-Update] Funnel conversion logic dynamically optimized for cycle #265.
2026-09-20 09:49:11,578 [INFO] [Background Loop] Generating traffic content, running bot engagement, and monitoring Stripe vault...
2026-09-20 09:49:11,578 [INFO] [Success] Automated digital asset delivered. Passive income recorded.
2026-09-20 09:49:21,578 [INFO] [Evolution Cycle #266] Scanning trending niches...
2026-09-20 09:49:21,578 [INFO] [Self-Update] Funnel conversion logic dynamically optimized for cycle #266.
2026-09-20 09:49:21,579 [INFO] [Background Loop] Generating traffic content, running bot engagement, and monitoring Stripe vault...
2026-09-20 09:49:21,579 [INFO] [Success] Automated digital asset delivered. Passive income recorded.
2026-09-20 09:49:31,579 [INFO] [Evolution Cycle #267] Scanning trending niches...
2026-09-20 09:49:31,579 [INFO] [Self-Update] Funnel conversion logic dynamically optimized for cycle #267.
2026-09-20 09:49:31,579 [INFO] [Background Loop] Generating traffic content, running bot engagement, and monitoring Stripe vault...
2026-09-20 09:49:31,579 [INFO] [Success] Automated digital asset delivered. Passive income recorded.
2026-09-20 09:49:41,579 [INFO] [Evolution Cycle #268] Scanning trending niches...
2026-09-20 09:49:41,579 [INFO] [Self-Update] Funnel conversion logic dynamically optimized for cycle #268.
2026-09-20 09:49:41,580 [INFO] [Background Loop] Generating traffic content, running bot engagement, and monitoring Stripe vault...
2026-09-20 09:49:41,580 [INFO] [Success] Automated digital asset delivered. Passive income recorded.
2026-09-20 09:49:51,580 [INFO] [Evolution Cycle #269] Scanning trending niches...
2026-09-20 09:49:51,580 [INFO] [Self-Update] Funnel conversion logic dynamically optimized for cycle #269.
2026-09-20 09:49:51,580 [INFO] [Background Loop] Generating traffic content, running bot engagement, and monitoring Stripe vault...
2026-09-20 09:49:51,580 [INFO] [Success] Automated digital asset delivered. Passive income recorded.
2026-09-20 09:50:01,580 [INFO] [Evolution Cycle #270] Scanning trending niches...
2026-09-20 09:50:01,580 [INFO] [Self-Update] Funnel conversion logic dynamically optimized for cycle #270.
2026-09-20 09:50:01,580 [INFO] [Background Loop] Generating traffic content, running bot engagement, and monitoring Stripe vault...
2026-09-20 09:50:01,581 [INFO] [Success] Automated digital asset delivered. Passive income recorded.
2026-09-20 09:50:11,581 [INFO] [Evolution Cycle #271] Scanning trending niches...
2026-09-20 09:50:11,581 [INFO] [Self-Update] Funnel conversion logic dynamically optimized for cycle #271.
2026-09-20 09:50:11,581 [INFO] [Background Loop] Generating traffic content, running bot engagement, and monitoring Stripe vault...
2026-09-20 09:50:11,581 [INFO] [Success] Automated digital asset delivered. Passive income recorded.
2026-09-20 09:50:21,581 [INFO] [Evolution Cycle #272] Scanning trending niches...
2026-09-20 09:50:21,581 [INFO] [Self-Update] Funnel conversion logic dynamically optimized for cycle #272.
2026-09-20 09:50:21,581 [INFO] [Background Loop] Generating traffic content, running bot engagement, and monitoring Stripe vault...
2026-09-20 09:50:21,581 [INFO] [Success] Automated digital asset delivered. Passive income recorded.
2026-09-20 09:50:31,582 [INFO] [Evolution Cycle #273] Scanning trending niches...
2026-09-20 09:50:31,582 [INFO] [Self-Update] Funnel conversion logic dynamically optimized for cycle #273.
2026-09-20 09:50:31,582 [INFO] [Background Loop] Generating traffic content, running bot engagement, and monitoring Stripe vault...
2026-09-20 09:50:31,582 [INFO] [Success] Automated digital asset delivered. Passive income recorded.
2026-09-20 09:50:41,582 [INFO] [Evolution Cycle #274] Scanning trending niches...
2026-09-20 09:50:41,582 [INFO] [Self-Update] Funnel conversion logic dynamically optimized for cycle #274.
2026-09-20 09:50:41,582 [INFO] [Background Loop] Generating traffic content, running bot engagement, and monitoring Stripe vault...
2026-09-20 09:50:41,583 [INFO] [Success] Automated digital asset delivered. Passive income recorded.
2026-09-20 09:50:51,583 [INFO] [Evolution Cycle #275] Scanning trending niches...
2026-09-20 09:50:51,583 [INFO] [Self-Update] Funnel conversion logic dynamically optimized for cycle #275.
2026-09-20 09:50:51,583 [INFO] [Background Loop] Generating traffic content, running bot engagement, and monitoring Stripe vault...
2026-09-20 09:50:51,583 [INFO] [Success] Automated digital asset delivered. Passive income recorded.
2026-09-20 09:51:01,583 [INFO] [Evolution Cycle #276] Scanning trending niches...
2026-09-20 09:51:01,583 [INFO] [Self-Update] Funnel conversion logic dynamically optimized for cycle #276.
2026-09-20 09:51:01,583 [INFO] [Background Loop] Generating traffic content, running bot engagement, and monitoring Stripe vault...
2026-09-20 09:51:01,584 [INFO] [Success] Automated digital asset delivered. Passive income recorded.
2026-09-20 09:51:11,584 [INFO] [Evolution Cycle #277] Scanning trending niches...
2026-09-20 09:51:11,584 [INFO] [Self-Update] Funnel conversion logic dynamically optimized for cycle #277.
2026-09-20 09:51:11,584 [INFO] [Background Loop] Generating traffic content, running bot engagement, and monitoring Stripe vault...
2026-09-20 09:51:11,584 [INFO] [Success] Automated digital asset delivered. Passive income recorded.
2026-09-20 09:51:21,584 [INFO] [Evolution Cycle #278] Scanning trending niches...
2026-09-20 09:51:21,584 [INFO] [Self-Update] Funnel conversion logic dynamically optimized for cycle #278.
2026-09-20 09:51:21,584 [INFO] [Background Loop] Generating traffic content, running bot engagement, and monitoring Stripe vault...
2026-09-20 09:51:21,585 [INFO] [Success] Automated digital asset delivered. Passive income recorded.
